date,token,total_depo,total_with
2025-10-08,USDC,200.100000,0.000000
2025-10-09,BTC,0.000050,0.000000
2025-10-09,MAG7.SSI,1.000000,0.000000
2025-10-09,SMAG7.SSI,2.000000,0.000000
2025-10-09,SOSO,1.000000,0.000000
2025-10-09,USDC,5000.000000,0.000000
2025-10-10,USDC,60.000000,0.000000
2025-10-11,USDC,1.100000,0.000000
2025-10-12,BTC,0.000010,0.000000
2025-10-12,MAG7.SSI,2.600000,0.000000
2025-10-12,SMAG7.SSI,1.000000,0.000000
2025-10-12,SOSO,4.002000,0.000000
2025-10-12,USDC,22.220000,0.220000
2025-10-13,BTC,0.000050,0.000000
2025-10-13,ETH,0.000100,0.000000
2025-10-13,MAG7.SSI,8.000000,0.000000
2025-10-13,PEPE,257558.012290,0.000000
2025-10-13,SMAG7.SSI,0.011000,0.000000
2025-10-13,USDC,52.060000,10.001000
2025-10-14,MAG7.SSI,1.000000,0.002000
2025-10-14,SOSO,0.200000,0.000000
2025-10-14,USDC,30.003000,0.001010
2025-10-15,BTC,0.000040,0.000000
2025-10-15,ETH,0.000100,0.000000
2025-10-15,MAG7.SSI,1.031710,0.000000
2025-10-15,PEPE,50854.844460,0.000000
2025-10-15,SMAG7.SSI,0.600000,0.000000
2025-10-15,SOSO,1.376055,0.000000
2025-10-16,BTC,0.009500,0.000000
2025-10-16,SMAG7.SSI,10000.800000,0.000000
2025-10-16,SOSO,0.024000,0.000000
2025-10-16,USDC,274.298625,5.010000
2025-10-17,DOGE,1.000000,0.000000
2025-10-17,SOL,0.010000,0.000000
2025-10-17,SOSO,0.010000,0.000000
2025-10-17,USDC,5521.110000,5562.710615
2025-10-18,LINK,0.200000,0.000000
2025-10-18,MAG7.SSI,296.463590,0.000000
2025-10-18,SMAG7.SSI,200.017100,2.118392
2025-10-18,SOSO,0.663993,0.000000
2025-10-18,USDC,41.900000,2.010000
2025-10-19,BTC,0.000000,0.000000
2025-10-19,MAG7.SSI,0.000002,0.000000
2025-10-19,SMAG7.SSI,0.002000,0.000000
2025-10-19,SOSO,10.000000,0.000000
2025-10-19,USDC,14.000000,0.000100
2025-10-20,ETH,0.002000,0.002000
2025-10-20,MAG7.SSI,10.010003,0.000000
2025-10-20,SMAG7.SSI,10.100000,0.000000
2025-10-20,SOSO,0.110000,0.000000
2025-10-20,USDC,25.930423,0.000000
2025-10-21,BTC,0.460200,0.009500
2025-10-21,ETH,6.510000,0.003000
2025-10-21,MAG7.SSI,102.892860,10.000000
2025-10-21,SMAG7.SSI,106.000000,8.892913
2025-10-21,SOL,136.162027,0.000000
2025-10-21,SOSO,20.000000,0.000000
2025-10-21,USDC,202040.333320,1031.147868
2025-10-22,BTC,0.002250,0.002693
2025-10-22,ETH,2.198523,0.011685
2025-10-22,MAG7.SSI,1763.499198,34.640443
2025-10-22,SMAG7.SSI,21153.504402,1.000000
2025-10-22,SOL,0.330000,0.407625
2025-10-22,SOSO,1121.357297,0.000000
2025-10-22,USDC,73164.172229,70285.998329
2025-10-23,DOGE,101599.358993,70.000000
2025-10-23,ETH,0.159160,0.000000
2025-10-23,LINK,1131.717899,1.475631
2025-10-23,MAG7.SSI,7868.035515,0.000000
2025-10-23,SMAG7.SSI,27460.802700,0.000000
2025-10-23,SOSO,29.862950,0.000000
2025-10-23,USDC,7056.018077,50063.867257
2025-10-24,ETH,0.043700,0.030000
2025-10-24,MAG7.SSI,340.644941,0.000000
2025-10-24,SMAG7.SSI,10936.686100,0.000000
2025-10-24,SOSO,5.030000,0.000000
2025-10-24,USDC,13509.894121,11586.209812
2025-10-25,MAG7.SSI,352.441282,0.000000
2025-10-25,SMAG7.SSI,228976.622500,0.000000
2025-10-25,SOSO,25.450000,0.000000
2025-10-25,USDC,2015.603051,379.463316
2025-10-26,ETH,0.015000,0.004095
2025-10-26,MAG7.SSI,1419.253564,0.000000
2025-10-26,SMAG7.SSI,8000.000000,0.000000
2025-10-26,SOL,0.000000,0.057807
2025-10-26,USDC,810.416268,451.571026
2025-10-27,ADA,60.000000,0.000000
2025-10-27,BNB,0.040000,0.000000
2025-10-27,ETH,0.010000,0.000000
2025-10-27,MAG7.SSI,500277.136392,0.000000
2025-10-27,SMAG7.SSI,9000020.000000,0.000000
2025-10-27,SOL,1.000000,0.000000
2025-10-27,SOSO,200000.000000,0.000000
2025-10-27,USDC,501295.478277,187.721298
2025-10-27,XRP,22.000000,3.000000
2025-10-28,ADA,30073.000000,15.000000
2025-10-28,BNB,17.753979,0.020938
2025-10-28,ETH,2.465000,0.000000
2025-10-28,MAG7.SSI,45982.796623,5.000000
2025-10-28,SMAG7.SSI,4208196.715500,1993.629700
2025-10-28,SOL,0.040000,0.000000
2025-10-28,SOSO,1355.175054,0.000000
2025-10-28,USDC,93412.815244,44409.923668
2025-10-28,XRP,9117.600000,24.000000
2025-10-29,ETH,0.064750,0.002750
2025-10-29,MAG7.SSI,336.442011,0.000000
2025-10-29,SMAG7.SSI,15841678.129700,1.000000
2025-10-29,SOL,0.078698,0.000000
2025-10-29,SOSO,341.253630,0.000000
2025-10-29,USDC,17145.412463,13513.602744
2025-10-29,XRP,3399.700000,0.000000
2025-10-30,BNB,0.000000,0.012991
2025-10-30,ETH,0.015000,0.000000
2025-10-30,MAG7.SSI,483.163941,43745.273495
2025-10-30,SMAG7.SSI,30285.577900,5.000000
2025-10-30,SOL,0.362416,0.000000
2025-10-30,SOSO,265.674810,0.000000
2025-10-30,USDC,129632.920651,15403.759600
2025-10-31,BTC,0.002545,0.000000
2025-10-31,ETH,0.014600,0.000000
2025-10-31,MAG7.SSI,895.930781,0.000000
2025-10-31,SMAG7.SSI,66701.248200,26.156378
2025-10-31,SOL,0.040000,0.000000
2025-10-31,SOSO,10.000000,0.000000
2025-10-31,USDC,25274.613504,543.681699
2025-11-01,BNB,1.989834,0.000000
2025-11-01,ETH,0.056015,0.000000
2025-11-01,SMAG7.SSI,8016.421300,0.000000
2025-11-01,SOSO,1537.965350,0.000000
2025-11-01,USDC,8197.649781,820.626876
2025-11-02,ETH,0.048243,0.000000
2025-11-02,MAG7.SSI,273.614951,10.000000
2025-11-02,SMAG7.SSI,35.100000,0.000000
2025-11-02,SOSO,3.000000,0.000000
2025-11-02,USDC,18602.850547,376.194595
2025-11-02,XRP,21.613046,0.000000
2025-11-03,BNB,0.029434,0.000000
2025-11-03,ETH,0.202750,0.000000
2025-11-03,MAG7.SSI,9421.580181,0.000000
2025-11-03,SMAG7.SSI,72958.873200,0.000000
2025-11-03,SOSO,493.776257,0.000000
2025-11-03,USDC,26644.496269,500.700642
2025-11-04,BNB,0.009983,0.000000
2025-11-04,MAG7.SSI,20068.581663,5.569970
2025-11-04,SMAG7.SSI,257.013900,26.000000
2025-11-04,USDC,6542.035293,16773.905665
2025-11-05,BNB,0.005990,0.000000
2025-11-05,ETH,0.002000,0.002094
2025-11-05,MAG7.SSI,50.000000,15.000000
2025-11-05,SMAG7.SSI,361.936100,5.000000
2025-11-05,SOL,0.000000,0.189923
2025-11-05,SOSO,2.000000,0.000000
2025-11-05,USDC,2915.735396,176.971096
2025-11-05,XRP,31.066988,0.000000
2025-11-06,ADA,12.000000,45.000000
2025-11-06,BNB,0.029800,0.030000
2025-11-06,BTC,0.000200,0.000525
2025-11-06,DOGE,50.000000,0.000000
2025-11-06,ETH,0.004100,0.004100
2025-11-06,MAG7.SSI,143.182914,20.000000
2025-11-06,SMAG7.SSI,4613.036800,0.000000
2025-11-06,SOL,0.050000,0.000000
2025-11-06,SOSO,24.000037,0.000000
2025-11-06,USDC,781.881332,47.612118
2025-11-06,XRP,4.000000,22.800000
2025-11-07,BTC,0.002668,0.000000
2025-11-07,MAG7.SSI,482.079148,10.400000
2025-11-07,SMAG7.SSI,181879.520311,181824.409200
2025-11-07,SOSO,107.289030,0.000000
2025-11-07,USDC,4669.342760,503.461386
2025-11-08,BNB,0.023500,0.000000
2025-11-08,SMAG7.SSI,9590.834400,0.000000
2025-11-08,SOL,0.090000,1.681881
2025-11-08,SOSO,19.132736,0.000000
2025-11-08,USDC,569.998880,1199.844526
2025-11-09,ETH,0.100000,0.000000
2025-11-09,MAG7.SSI,1100.443448,0.000000
2025-11-09,SMAG7.SSI,1055.414700,0.000000
2025-11-09,SOL,0.122190,0.084966
2025-11-09,SOSO,11.000000,0.000000
2025-11-09,USDC,20845.883491,4976.000000
2025-11-10,BNB,0.025990,0.000000
2025-11-10,MAG7.SSI,40.000000,0.000000
2025-11-10,SMAG7.SSI,685.010200,5.000000
2025-11-10,SOL,0.000000,0.040000
2025-11-10,USDC,22932.107978,413.220428
2025-11-11,MAG7.SSI,14.938540,539.705492
2025-11-11,SMAG7.SSI,256.766900,0.000000
2025-11-11,SOSO,5.000000,0.000000
2025-11-11,USDC,2370.552095,390.475574
2025-11-12,BNB,0.051348,0.000000
2025-11-12,ETH,0.006111,0.008222
2025-11-12,MAG7.SSI,159.059981,17.000001
2025-11-12,SMAG7.SSI,6942.339336,0.000000
2025-11-12,SOSO,125.333479,0.000000
2025-11-12,USDC,5985.443653,70042.011111
2025-11-13,DOGE,362.688200,0.000000
2025-11-13,ETH,0.002000,0.000000
2025-11-13,MAG7.SSI,46.083419,10.000000
2025-11-13,SOSO,2.110000,0.000000
2025-11-13,USDC,6000.006096,364.676034
2025-11-14,ETH,0.002200,0.002200
2025-11-14,SMAG7.SSI,2638.329100,0.000000
2025-11-14,SOL,0.599000,0.000000
2025-11-14,SOSO,2.720000,0.000000
2025-11-14,USDC,8084.981648,437.927325
2025-11-15,MAG7.SSI,352.192058,5.555555
2025-11-15,SMAG7.SSI,1570.117700,0.000000
2025-11-15,USDC,5139.671222,2249.746577
2025-11-16,BNB,0.000000,0.010992
2025-11-16,MAG7.SSI,324.160074,0.000000
2025-11-16,USDC,3047.800989,75.864247
2025-11-17,ETH,0.004800,0.000000
2025-11-17,MAG7.SSI,2770.383085,0.000000
2025-11-17,SMAG7.SSI,46.892000,0.000000
2025-11-17,SOL,0.000000,0.759468
2025-11-17,SOSO,139.662009,0.000000
2025-11-17,USDC,28606.183352,1787.101283
2025-11-17,XRP,6.800000,0.000000
2025-11-18,BNB,0.000000,0.010300
2025-11-18,MAG7.SSI,272.427520,15.000000
2025-11-18,SMAG7.SSI,175.806700,5.000000
2025-11-18,SOL,0.030000,0.000000
2025-11-18,USDC,1183.224664,422.133575
2025-11-18,XRP,15.000000,3.000000
2025-11-19,ETH,0.012000,0.000000
2025-11-19,MAG7.SSI,76.175604,0.000000
2025-11-19,SOL,0.100000,0.000000
2025-11-19,USDC,21371.987319,636.543861
2025-11-19,XRP,20.000000,17.892650
2025-11-20,MAG7.SSI,54.369664,44.669664
2025-11-20,SMAG7.SSI,12.064100,0.000000
2025-11-20,SOSO,20.000000,0.000000
2025-11-20,USDC,123073.816630,100159.605057
2025-11-21,BTC,0.003229,0.000000
2025-11-21,ETH,0.000000,2.440000
2025-11-21,MAG7.SSI,102658.848820,94643.871480
2025-11-21,SMAG7.SSI,30723.741600,0.000000
2025-11-21,SOL,0.080000,0.000000
2025-11-21,SOSO,1005.210088,0.000000
2025-11-21,USDC,88035.988461,64182.380265
2025-11-22,BNB,0.008109,0.008108
2025-11-22,MAG7.SSI,48993.658834,25996.290000
2025-11-22,SMAG7.SSI,163136.528500,0.000000
2025-11-22,SOL,0.000000,2.080542
2025-11-22,SOSO,6.126300,0.000000
2025-11-22,USDC,33323.219394,12162.490587
2025-11-23,BNB,0.000000,7.074044
2025-11-23,ETH,0.004230,0.004498
2025-11-23,MAG7.SSI,14370.956063,0.000000
2025-11-23,SMAG7.SSI,312495.995700,200.610200
2025-11-23,SOL,0.081009,0.000000
2025-11-23,USDC,16546.500000,5243.646765
2025-11-24,BNB,0.054910,0.055985
2025-11-24,MAG7.SSI,41568.924443,31514.101917
2025-11-24,PEPE,172.320000,0.000000
2025-11-24,SMAG7.SSI,111901.503800,4.000000
2025-11-24,SOL,0.270000,0.000000
2025-11-24,USDC,29089.483858,38511.760315
2025-11-25,MAG7.SSI,4473.121774,0.000000
2025-11-25,SMAG7.SSI,25777.281000,0.000000
2025-11-25,SOL,0.250000,0.055000
2025-11-25,SOSO,69.412485,0.000000
2025-11-25,USDC,3460.027739,111.274519
2025-11-26,ETH,0.011000,0.004000
2025-11-26,MAG7.SSI,1440.277802,6.008364
2025-11-26,SMAG7.SSI,3402.868311,0.000000
2025-11-26,SOSO,3.000000,0.000000
2025-11-26,USDC,26192.002734,206.284706
2025-11-27,BNB,3.314300,0.000000
2025-11-27,ETH,0.012455,0.000000
2025-11-27,MAG7.SSI,7436.474254,5.000000
2025-11-27,SMAG7.SSI,87038.604200,8.096311
2025-11-27,SOL,0.000000,0.820000
2025-11-27,SOSO,16.569830,0.000000
2025-11-27,USDC,3435.001011,5578.628535
2025-11-28,ADA,0.000000,22.835880
2025-11-28,ETH,0.002000,0.002000
2025-11-28,MAG7.SSI,36401.528837,0.000000
2025-11-28,SMAG7.SSI,1160.823500,0.000000
2025-11-28,SOSO,31.000000,0.000000
2025-11-28,USDC,2180.060204,27242.427520
2025-11-29,ETH,0.005710,0.000000
2025-11-29,MAG7.SSI,1521.447064,13649.600000
2025-11-29,SMAG7.SSI,10840.315800,819.279108
2025-11-29,SOL,0.069570,0.000000
2025-11-29,USDC,12745.779645,1415.025516
2025-11-30,MAG7.SSI,118.210638,5998.300000
2025-11-30,SMAG7.SSI,156.456600,6.000000
2025-11-30,SOL,0.550000,0.582081
2025-11-30,USDC,5212.211237,326.812956
2025-12-01,MAG7.SSI,307815.220654,219489.270000
2025-12-01,SMAG7.SSI,292063.688600,5.062271
2025-12-01,SOL,0.520000,0.069570
2025-12-01,SOSO,3.440000,0.000000
2025-12-01,USDC,162561.772178,72921.314374
2025-12-01,XRP,38.067171,0.000000
2025-12-02,BTC,0.000050,0.000000
2025-12-02,ETH,0.002000,0.000000
2025-12-02,MAG7.SSI,183995.094089,22494.350000
2025-12-02,SMAG7.SSI,6753.593900,1.012500
2025-12-02,SOL,0.107541,0.000000
2025-12-02,USDC,25535.072275,81916.455016
2025-12-03,ETH,0.332982,0.038390
2025-12-03,MAG7.SSI,10123.337862,3799.990000
2025-12-03,SMAG7.SSI,27044.657700,5.000000
2025-12-03,SOL,0.000000,0.343010
2025-12-03,SOSO,4.547411,0.000000
2025-12-03,USDC,2306.989133,7784.419707
2025-12-04,ADA,10.000000,0.000000
2025-12-04,BNB,0.016498,0.089904
2025-12-04,DOGE,30.000000,0.000000
2025-12-04,ETH,0.002000,0.313680
2025-12-04,MAG7.SSI,166.014840,0.000000
2025-12-04,SMAG7.SSI,7117.221800,507.866000
2025-12-04,SOL,0.000000,0.142610
2025-12-04,SOSO,1.910000,0.000000
2025-12-04,USDC,261.063628,136.336227
2025-12-04,XRP,4.000000,0.000000
2025-12-05,BNB,0.007400,0.000000
2025-12-05,MAG7.SSI,77587.686642,26564.163488
2025-12-05,SMAG7.SSI,232535.245200,0.000000
2025-12-05,SOL,0.150000,0.024492
2025-12-05,SOSO,1.106435,0.000000
2025-12-05,USDC,20026.405228,55111.080000
2025-12-05,XRP,33.797445,0.000000
2025-12-06,MAG7.SSI,534879.857792,0.000000
2025-12-06,SMAG7.SSI,7496.928100,26.543854
2025-12-06,SOL,0.250000,0.000000
2025-12-06,USDC,285.380598,58.662331
2025-12-07,BNB,0.000000,0.007692
2025-12-07,ETH,0.005977,0.032777
2025-12-07,MAG7.SSI,18286.058983,24254.736586
2025-12-07,SMAG7.SSI,19141.898100,0.000000
2025-12-07,SOL,0.000000,0.542241
2025-12-07,SOSO,8.798410,0.000000
2025-12-07,USDC,31155.535853,17776.914912
2025-12-08,BNB,0.005000,0.000000
2025-12-08,MAG7.SSI,13665.719301,103.092743
2025-12-08,SMAG7.SSI,35477.504813,110.453613
2025-12-08,SOL,0.501000,0.308183
2025-12-08,USDC,1159.384603,9325.658936
2025-12-09,BTC,0.000052,0.000000
2025-12-09,DOGE,176.568000,0.000000
2025-12-09,ETH,0.004500,0.000000
2025-12-09,MAG7.SSI,59159.663861,39537.700000
2025-12-09,SMAG7.SSI,7989.774500,0.000000
2025-12-09,SOL,0.250000,0.185869
2025-12-09,SOSO,27.472522,0.000000
2025-12-09,USDC,20970.772751,49299.378305
2025-12-09,XRP,0.000000,11.791740
2025-12-10,BNB,0.010000,0.010000
2025-12-10,ETH,0.003000,0.000000
2025-12-10,MAG7.SSI,9112.680942,5572.437682
2025-12-10,SMAG7.SSI,5154.789100,0.000000
2025-12-10,USDC,2899.929576,6468.625393
2025-12-11,BNB,0.095819,0.064242
2025-12-11,BTC,0.000130,0.000000
2025-12-11,DOGE,125.133826,31.000000
2025-12-11,ETH,0.004000,0.006026
2025-12-11,LINK,0.685143,1.484583
2025-12-11,MAG7.SSI,159.877926,10025.519928
2025-12-11,SMAG7.SSI,315.963300,9.995000
2025-12-11,SOL,0.542000,0.000000
2025-12-11,USDC,7461.492935,117.038455
2025-12-11,XRP,4.000000,7.000000
2025-12-12,ADA,20.125054,0.000000
2025-12-12,BNB,0.000000,0.020090
2025-12-12,DOGE,93.000000,0.000000
2025-12-12,MAG7.SSI,1444.942254,120.426647
2025-12-12,SMAG7.SSI,5.123131,10.246712
2025-12-12,SOSO,144.563229,0.000000
2025-12-12,USDC,248.396861,63.367731
2025-12-13,MAG7.SSI,5.000000,0.000000
2025-12-13,SMAG7.SSI,317.324600,0.000000
2025-12-13,SOL,0.130000,0.000000
2025-12-13,USDC,20802.660295,161.299624
2025-12-13,XRP,9.936330,0.000000
2025-12-14,BNB,0.015800,0.014790
2025-12-14,ETH,0.000000,0.032078
2025-12-14,MAG7.SSI,13567.866247,26081.124079
2025-12-14,SMAG7.SSI,51469.941100,0.000000
2025-12-14,USDC,20290.850753,10940.486193
2025-12-15,ADA,10.000000,10.000000
2025-12-15,BNB,0.051000,0.010000
2025-12-15,BTC,0.000050,0.000000
2025-12-15,DOGE,30.000000,30.000000
2025-12-15,ETH,0.102000,0.034578
2025-12-15,MAG7.SSI,35785.460765,92433.802200
2025-12-15,SMAG7.SSI,23894.658100,84.800020
2025-12-15,SOL,0.030000,0.030000
2025-12-15,SOSO,10.908580,0.000000
2025-12-15,USDC,70304.260323,29687.974058
2025-12-15,XRP,4.000000,2.000000
2025-12-16,BNB,0.000000,0.017987
2025-12-16,ETH,0.005000,0.000000
2025-12-16,MAG7.SSI,5.000000,5098.240000
2025-12-16,SMAG7.SSI,45000.872199,4006.489145
2025-12-16,SOSO,19.065350,0.000000
2025-12-16,USDC,3747.833719,351.804857
2025-12-17,ADA,10.000000,10.000000
2025-12-17,BNB,0.005000,0.081787
2025-12-17,CRCLX,0.356276,0.000000
2025-12-17,DOGE,30.000000,30.000000
2025-12-17,ETH,0.244908,0.000000
2025-12-17,MAG7.SSI,11389.134660,13009.640000
2025-12-17,SMAG7.SSI,6085.932600,3233.214679
2025-12-17,SOL,0.030000,0.030000
2025-12-17,SOSO,346.465598,0.000000
2025-12-17,USDC,19394.769254,349.983156
2025-12-17,XRP,14.222211,12.222211
2025-12-18,BNB,0.038512,0.014612
2025-12-18,ETH,0.000000,0.003695
2025-12-18,MAG7.SSI,5.000000,35013.664838
2025-12-18,SMAG7.SSI,7334.710800,0.000000
2025-12-18,SOL,0.035210,9.834705
2025-12-18,SOSO,1.000000,0.000000
2025-12-18,USDC,23975.158468,999.814317
2025-12-19,BNB,0.058677,0.000000
2025-12-19,ETH,0.007405,0.006746
2025-12-19,MAG7.SSI,7431.237036,110.375596
2025-12-19,SMAG7.SSI,50140.585349,51.451631
2025-12-19,SOL,0.000000,0.799440
2025-12-19,SOSO,5.000000,0.000000
2025-12-19,USDC,678.875675,6961.301611
2025-12-20,ETH,0.000000,0.053668
2025-12-20,MAG7.SSI,10.000000,0.000000
2025-12-20,SMAG7.SSI,3557.898000,0.000000
2025-12-20,SOSO,12.820000,0.000000
2025-12-20,USDC,30358.269711,276.907928
2025-12-21,BNB,0.028884,0.018272
2025-12-21,ETH,0.000000,0.002500
2025-12-21,SMAG7.SSI,48421.902200,0.000000
2025-12-21,USDC,2181.565282,9827.780204
2025-12-22,MAG7.SSI,3941.785559,54646.428062
2025-12-22,SMAG7.SSI,14891.296500,0.000000
2025-12-22,SOL,0.200000,0.000000
2025-12-22,SOSO,24.438431,0.000000
2025-12-22,USDC,2623.894453,2693.576376
2025-12-23,BNB,0.014330,0.000000
2025-12-23,CRCLX,0.000000,0.356276
2025-12-23,ETH,0.003817,0.024197
2025-12-23,MAG7.SSI,172.492997,6889.545677
2025-12-23,SMAG7.SSI,1135.948100,0.000000
2025-12-23,SOL,0.410000,0.482948
2025-12-23,SOSO,3.000000,0.000000
2025-12-23,USDC,2784.337632,32575.942998
2025-12-24,ADA,25.973200,0.000000
2025-12-24,BNB,0.012700,0.000000
2025-12-24,ETH,0.022220,0.033290
2025-12-24,MAG7.SSI,20.000000,810.174712
2025-12-24,SMAG7.SSI,325.280600,0.000000
2025-12-24,SOSO,190.347506,0.000000
2025-12-24,USDC,3119.448893,2425.489242
2025-12-24,XRP,0.000000,2.695280
2025-12-25,BNB,0.043297,0.023782
2025-12-25,ETH,0.000000,0.021000
2025-12-25,MAG7.SSI,301.045588,0.000000
2025-12-25,SMAG7.SSI,2131.428900,11.000000
2025-12-25,SOL,0.000000,0.050000
2025-12-25,SOSO,2.000000,0.000000
2025-12-25,USDC,1813.424263,63.969506
2025-12-26,AAVE,0.086425,0.030945
2025-12-26,BNB,0.012400,0.011392
2025-12-26,ETH,0.000000,0.003817
2025-12-26,HYPE,0.599100,0.000000
2025-12-26,LTC,0.206771,0.000000
2025-12-26,SMAG7.SSI,84.700300,0.000000
2025-12-26,SOSO,51.000000,0.000000
2025-12-26,UNI,2.285671,1.138462
2025-12-26,USDC,1087.782084,1122.746528
2025-12-26,XAUT,0.007748,0.002915
2025-12-27,BNB,0.012270,0.019032
2025-12-27,MAG7.SSI,7.000000,4507.250000
2025-12-27,SMAG7.SSI,1483.999100,0.000000
2025-12-27,SOSO,2932.892800,0.000000
2025-12-27,USDC,4611.842060,11139.894069
2025-12-28,BNB,0.032713,0.000000
2025-12-28,MAG7.SSI,162.285000,0.000000
2025-12-28,SMAG7.SSI,2309.366900,5.000000
2025-12-28,SOL,0.030295,0.000000
2025-12-28,SOSO,88.364530,0.000000
2025-12-28,USDC,3556.754496,1140.691779
2025-12-28,USDT,6.000000,0.000000
2025-12-28,XRP,6.891733,0.000000
2025-12-29,AAVE,65.970966,0.000000
2025-12-29,BNB,0.022386,0.014193
2025-12-29,ETH,0.005000,0.000000
2025-12-29,HYPE,387.061145,0.000000
2025-12-29,LTC,125.999800,0.000000
2025-12-29,MAG7.SSI,8848.650797,1.000000
2025-12-29,SMAG7.SSI,210.605900,2000.000000
2025-12-29,SOL,0.000000,0.412369
2025-12-29,SOSO,16.673800,0.000000
2025-12-29,UNI,1617.550000,0.000000
2025-12-29,USDC,3227.530063,60849.412355
2025-12-29,USDT,9.000000,0.000000
2025-12-29,XAUT,2.219000,0.000000
2025-12-30,AAVE,0.000000,0.145897
2025-12-30,BNB,0.125990,0.000000
2025-12-30,BTC,0.000080,0.000000
2025-12-30,ETH,0.140585,0.055036
2025-12-30,HYPE,0.000000,0.599100
2025-12-30,LTC,0.000000,0.122913
2025-12-30,MAG7.SSI,0.000000,7778.470000
2025-12-30,SMAG7.SSI,45.361900,1124.343816
2025-12-30,SOL,0.431000,0.216324
2025-12-30,SOSO,12.894510,0.000000
2025-12-30,UNI,0.000000,3.437592
2025-12-30,USDC,8926.824540,158939.816554
2025-12-30,USDT,20.000000,0.000000
2025-12-30,XAUT,0.000000,0.004833
2025-12-31,BNB,0.415000,0.015000
2025-12-31,ETH,0.200757,0.000000
2025-12-31,MAG7.SSI,15.031200,17189.767837
2025-12-31,SMAG7.SSI,7056.144900,0.000000
2025-12-31,SOL,0.275000,0.406141
2025-12-31,SOSO,204.179755,0.000000
2025-12-31,USDC,9054.356947,18718.802688
2026-01-01,ETH,0.381262,0.001598
2026-01-01,HYPE,15.316283,0.000000
2026-01-01,MAG7.SSI,12.004700,0.000000
2026-01-01,SMAG7.SSI,9328.161900,0.000000
2026-01-01,SOL,5.804600,5.101542
2026-01-01,SOSO,39.130333,0.000000
2026-01-01,USDC,24713.813765,2859.495157
2026-01-01,XRP,4.000000,0.000000
2026-01-02,BNB,0.193080,0.120962
2026-01-02,ETH,84.987362,0.001798
2026-01-02,MAG7.SSI,18.150200,0.000000
2026-01-02,SMAG7.SSI,10003.799500,0.000000
2026-01-02,SOL,2.796683,2.667940
2026-01-02,SOSO,1060.802895,0.000000
2026-01-02,USDC,32675.909202,12546.831065
2026-01-03,BNB,0.000000,0.004996
2026-01-03,ETH,83.294192,0.005200
2026-01-03,LTC,0.615747,0.000000
2026-01-03,MAG7.SSI,1455.275259,0.000000
2026-01-03,SMAG7.SSI,2784.868000,0.000000
2026-01-03,SOL,0.838530,0.304008
2026-01-03,SOSO,3.000000,0.000000
2026-01-03,USDC,11368.350652,261493.230238
2026-01-04,BNB,0.131342,0.000000
2026-01-04,DOGE,494.533000,0.000000
2026-01-04,ETH,0.080897,0.012691
2026-01-04,MAG7.SSI,257.023114,90.000000
2026-01-04,SMAG7.SSI,7784.513700,6879.206325
2026-01-04,SOL,0.300000,0.542268
2026-01-04,SOSO,89.110000,0.000000
2026-01-04,UNI,10.811011,0.000000
2026-01-04,USDC,20199.368011,21915.040182
2026-01-05,BNB,0.031564,0.184349
2026-01-05,ETH,0.053193,0.015738
2026-01-05,MAG7.SSI,53144.915828,28044.245700
2026-01-05,SMAG7.SSI,630.164000,0.000000
2026-01-05,SOL,0.489333,0.188991
2026-01-05,SOSO,11.099800,0.000000
2026-01-05,UNI,0.000000,10.811011
2026-01-05,USDC,27679.232790,37049.436792
2026-01-05,USDT,5.500000,0.000000
2026-01-06,ETH,75.835938,10.019955
2026-01-06,MAG7.SSI,12656.272150,4983.671439
2026-01-06,SMAG7.SSI,3218096.712900,1126.214077
2026-01-06,SOL,0.388689,0.438713
2026-01-06,SOSO,352.209116,0.000000
2026-01-06,USDC,14875.473056,270598.198460
2026-01-06,USDT,49.900000,0.000000
2026-01-07,BNB,0.027271,0.000992
2026-01-07,ETH,114.554124,0.025098
2026-01-07,MAG7.SSI,48.118800,90.255400
2026-01-07,SMAG7.SSI,194.550500,0.000000
2026-01-07,SOL,0.335430,0.000000
2026-01-07,SOSO,38.586690,0.000000
2026-01-07,USDC,24519.729779,435958.484836
2026-01-08,BNB,0.000000,0.015737
2026-01-08,ETH,1.029400,53.478570
2026-01-08,MAG7.SSI,5340.733367,32522.255100
2026-01-08,SMAG7.SSI,10569965.638400,10.000000
2026-01-08,SOSO,34.085866,0.000000
2026-01-08,USDC,302282.437106,330118.057565
2026-01-08,XAUT,0.000000,8.000000
2026-01-09,BNB,0.016389,0.060975
2026-01-09,ETH,0.002491,0.021124
2026-01-09,MAG7.SSI,1091.485700,3035.030000
2026-01-09,SMAG7.SSI,5983.118200,15.870499
2026-01-09,SOL,0.324018,0.000000
2026-01-09,SOSO,40.000000,0.000000
2026-01-09,USDC,20333.843190,5815.895319
2026-01-10,BNB,0.041403,0.000000
2026-01-10,ETH,0.020051,0.010298
2026-01-10,MAG7.SSI,78.996200,0.000000
2026-01-10,SMAG7.SSI,323.865000,0.000000
2026-01-10,SOL,0.070000,0.000000
2026-01-10,SOSO,40.604720,0.000000
2026-01-10,USDC,7994.201895,2732.348263
2026-01-11,ETH,0.112190,0.053647
2026-01-11,MAG7.SSI,33.833717,6001.450000
2026-01-11,SMAG7.SSI,854.694100,2.914166
2026-01-11,SOL,0.100000,0.000000
2026-01-11,SOSO,17.280000,0.000000
2026-01-11,USDC,26913.368637,9180.857674
2026-01-12,AAVE,0.011967,0.000000
2026-01-12,ARB,48.370261,0.000000
2026-01-12,AVAXC,0.393200,0.000000
2026-01-12,BNB,0.012100,0.007289
2026-01-12,ETH,0.210146,0.021962
2026-01-12,MAG7.SSI,5218.497274,9051.940000
2026-01-12,SHIB,587471.913134,587471.913133
2026-01-12,SMAG7.SSI,558.788900,1458.859336
2026-01-12,SOSO,10.240000,0.000000
2026-01-12,USDC,14278.559078,9408.716896
2026-01-12,USDT,60.260380,0.000000
2026-01-13,ARB,49263.673540,162.391564
2026-01-13,AVAXC,734.555000,0.393200
2026-01-13,BNB,0.000000,0.014928
2026-01-13,ETH,5.268007,0.013726
2026-01-13,MAG7.SSI,96.375400,19.980200
2026-01-13,PEPE,1735652133.352200,922689.018800
2026-01-13,SHIB,1171429542.734500,0.000000
2026-01-13,SMAG7.SSI,196.440200,6.435300
2026-01-13,SOL,0.314960,0.000000
2026-01-13,SOSO,19.227960,0.000000
2026-01-13,USDC,15383.662382,70096.168484
2026-01-14,ARB,26.000000,25.000000
2026-01-14,AVAXC,0.360000,0.749720
2026-01-14,BNB,0.000000,0.011293
2026-01-14,ETH,0.015000,0.003794
2026-01-14,MAG7.SSI,5.000000,2.000000
2026-01-14,PEPE,750000.000000,750000.000000
2026-01-14,SHIB,500000.000000,500000.000000
2026-01-14,SMAG7.SSI,980.594500,5.000000
2026-01-14,SOL,0.422165,0.000000
2026-01-14,SOSO,89.213000,0.000000
2026-01-14,USDC,11769.168425,9606.675960
2026-01-15,BNB,0.010250,0.017158
2026-01-15,ETH,0.100324,0.142197
2026-01-15,HYPE,0.000000,0.100000
2026-01-15,MAG7.SSI,75.444768,12.600000
2026-01-15,SMAG7.SSI,704.606700,0.000000
2026-01-15,SOL,0.030597,0.030597
2026-01-15,SOSO,10.135800,0.000000
2026-01-15,USDC,13631.276235,8192.329612
2026-01-15,USDT,350.000000,0.000000
2026-01-16,BNB,0.098772,0.005985
2026-01-16,DOGE,30.000000,0.000000
2026-01-16,ETH,0.752502,0.115825
2026-01-16,MAG7.SSI,106.488320,29.566620
2026-01-16,SMAG7.SSI,306.839964,39.568218
2026-01-16,SOSO,55373.740200,0.000000
2026-01-16,SUI,6.779136,0.000000
2026-01-16,TON,7.066000,0.000000
2026-01-16,USDC,13274.719008,38039.025385
2026-01-16,XLM,25.480000,0.000000
2026-01-17,ARB,32.184540,32.184540
2026-01-17,BNB,0.902000,0.026980
2026-01-17,ETH,4.552260,4.459037
2026-01-17,MAG7.SSI,312.727727,8890.786300
2026-01-17,SMAG7.SSI,560.590000,37.445500
2026-01-17,SOSO,6331.830000,0.000000
2026-01-17,USDC,5260.848141,22336.312161
2026-01-18,BNB,0.012654,0.000000
2026-01-18,ETH,0.504448,0.413695
2026-01-18,MAG7.SSI,5082.615915,0.000000
2026-01-18,SMAG7.SSI,2993.016800,2981.807535
2026-01-18,SOL,0.035495,0.035495
2026-01-18,SOSO,321.000000,0.000000
2026-01-18,UNI,17.542540,0.000000
2026-01-18,USDC,5919.850371,14321.036237
2026-01-19,AVAXC,0.000000,0.499800
2026-01-19,BNB,0.163714,0.000000
2026-01-19,ETH,0.040388,0.000000
2026-01-19,MAG7.SSI,274.533714,259.991829
2026-01-19,SMAG7.SSI,148.736000,52.713216
2026-01-19,SOL,0.138189,0.092570
2026-01-19,SOSO,18.090000,0.000000
2026-01-19,TON,3.986000,0.000000
2026-01-19,USDC,17060.461978,17570.765378
2026-01-20,BNB,0.011718,0.005290
2026-01-20,ETH,0.061702,0.003197
2026-01-20,MAG7.SSI,28.048430,32941.765300
2026-01-20,SMAG7.SSI,4729823.720400,0.000000
2026-01-20,SOL,1.443673,0.814176
2026-01-20,SOSO,15.675961,0.000000
2026-01-20,SUI,6553.566736,0.000000
2026-01-20,TON,6372.715912,0.000000
2026-01-20,USDC,41789.979335,39177.585536
2026-01-20,XLM,47205.476620,0.000000
2026-01-21,DOGE,82.560960,0.000000
2026-01-21,ETH,0.012150,0.150219
2026-01-21,MAG7.SSI,21976.760236,21755.770258
2026-01-21,SMAG7.SSI,428.020900,261.061200
2026-01-21,SUI,0.000000,4.699136
2026-01-21,TON,0.000000,3.000000
2026-01-21,USDC,6079.684310,20099.190513
2026-01-21,XLM,110.504000,211.584000
2026-01-22,ETH,0.050000,0.000000
2026-01-22,MAG7.SSI,203.796300,973.513400
2026-01-22,SMAG7.SSI,210.134000,1.000000
2026-01-22,SOSO,20.000000,0.000000
2026-01-22,USDC,7876.910907,9067.992370
2026-01-23,BNB,0.000000,0.005050
2026-01-23,ETH,0.024592,0.000000
2026-01-23,MAG7.SSI,0.000000,30.278790
2026-01-23,SMAG7.SSI,0.000000,34.852961
2026-01-23,SOL,0.140000,0.000000
2026-01-23,SOSO,80.000000,0.000000
2026-01-23,USDC,1603.252089,2508.625866
2026-01-24,BNB,0.042200,0.000000
2026-01-24,DOGE,0.000000,35.158300
2026-01-24,ETH,0.003450,0.013585
2026-01-24,MAG7.SSI,0.000000,10.222046
2026-01-24,SOL,0.175000,0.134909
2026-01-24,USDC,3582.830801,727.587193
2026-01-25,BNB,0.000000,0.024113
2026-01-25,ETH,0.017734,0.010792
2026-01-25,MAG7.SSI,1491.097220,5.000000
2026-01-25,SMAG7.SSI,87.586500,0.000000
2026-01-25,SOL,0.303755,0.259873
2026-01-25,SOSO,106.216900,0.000000
2026-01-25,TON,17.938430,0.000000
2026-01-25,USDC,701.049359,10511.264324
2026-01-26,BNB,2.590000,0.000000
2026-01-26,DOGE,0.000000,342.862800
2026-01-26,ETH,0.007998,0.000000
2026-01-26,MAG7.SSI,218.942526,4.031900
2026-01-26,SMAG7.SSI,100.658400,9675.872484
2026-01-26,SOL,0.000000,0.069410
2026-01-26,SOSO,111.060000,0.000000
2026-01-26,USDC,4358.188309,13896.185426
2026-01-26,XLM,0.000000,111.904800
2026-01-26,XRP,4.000000,0.000000
2026-01-27,ETH,0.008106,0.003875
2026-01-27,MAG7.SSI,405.751800,17.092400
2026-01-27,SMAG7.SSI,10.100000,6.000036
2026-01-27,SOSO,75.180000,0.000000
2026-01-27,USDC,501.788846,390.303479
2026-01-28,ETH,0.029670,0.000000
2026-01-28,MAG7.SSI,24.467900,221663.541900
2026-01-28,SMAG7.SSI,63.443444,12.957044
2026-01-28,SOSO,57.250000,0.000000
2026-01-28,USDC,1807.597022,2577.389599
2026-01-28,XLM,0.000000,96.915300
2026-01-28,XRP,4.000000,4.000000
2026-01-29,BNB,0.020000,0.000000
2026-01-29,ETH,0.003754,0.000000
2026-01-29,MAG7.SSI,5.000000,16.982800
2026-01-29,SMAG7.SSI,648.244900,37.416421
2026-01-29,SOL,0.030000,0.000000
2026-01-29,USDC,3746.148671,7234.877027
2026-01-29,USDT,5.500000,0.000000
2026-01-29,XLM,0.000000,58.950000
2026-01-30,BNB,0.055590,0.064696
2026-01-30,ETH,0.032000,0.002398
2026-01-30,LTC,0.310106,0.000000
2026-01-30,MAG7.SSI,10.000000,230.840400
2026-01-30,SOL,0.055957,0.000000
2026-01-30,SOSO,94.600000,0.000000
2026-01-30,USDC,1331.451801,793.529034
2026-01-31,BNB,0.000000,0.190913
2026-01-31,ETH,0.007500,0.035090
2026-01-31,MAG7.SSI,335.460437,11.096381
2026-01-31,PEPE,0.000000,750000.000000
2026-01-31,SMAG7.SSI,2346.999600,0.000000
2026-01-31,SOL,2.104028,0.172947
2026-01-31,SOSO,57.350000,0.000000
2026-01-31,TON,16.396412,0.000000
2026-01-31,USDC,36075.205057,19918.987584
2026-01-31,USDT,1999.500000,0.000000
2026-02-01,BNB,0.058598,0.022843
2026-02-01,DOGE,209.831470,0.000000
2026-02-01,ETH,0.420186,0.109181
2026-02-01,MAG7.SSI,13046.849900,0.000000
2026-02-01,SMAG7.SSI,8545.177500,143.427927
2026-02-01,SOSO,30.439330,0.000000
2026-02-01,USDC,29288.483367,8794.730821
2026-02-02,BNB,0.048839,0.032258
2026-02-02,ETH,0.482271,0.180036
2026-02-02,MAG7.SSI,11389.975914,62.304617
2026-02-02,SMAG7.SSI,4800.435500,25.031104
2026-02-02,SOL,0.883524,0.000000
2026-02-02,SOSO,51.461680,0.000000
2026-02-02,SUI,32.352901,0.000000
2026-02-02,TON,12.583542,0.000000
2026-02-02,USDC,31423.221846,11776.455150
2026-02-02,XLM,0.000000,252.473400
2026-02-03,BNB,0.070951,0.060024
2026-02-03,ETH,0.175383,0.056579
2026-02-03,MAG7.SSI,63.923942,9.712870
2026-02-03,SMAG7.SSI,208.946500,40.957781
2026-02-03,SOL,0.149000,0.030000
2026-02-03,SOSO,117.782100,0.000000
2026-02-03,USDC,25028.180020,9343.376326
2026-02-04,BNB,0.554114,0.037970
2026-02-04,ETH,0.936960,0.346307
2026-02-04,MAG7.SSI,1637.784057,9168.314747
2026-02-04,SMAG7.SSI,554.798500,5.000000
2026-02-04,SOL,0.316566,0.379846
2026-02-04,SOSO,1888.703965,0.000000
2026-02-04,USDC,167832.202490,36221.732064
2026-02-04,USDT,35.150000,0.000000
2026-02-05,BNB,0.451066,0.046956
2026-02-05,BTC,0.000000,0.000559
2026-02-05,DOGE,793.102027,0.000000
2026-02-05,ETH,0.266861,0.183627
2026-02-05,LTC,0.108900,0.000000
2026-02-05,MAG7.SSI,499891.733476,28737.724493
2026-02-05,SMAG7.SSI,3954.327200,230.668192
2026-02-05,SOL,0.514216,0.472370
2026-02-05,SOSO,413.576900,0.000000
2026-02-05,SUI,5.100000,0.000000
2026-02-05,USDC,109127.795256,242719.878645
2026-02-05,USDT,15.000000,0.000000
2026-02-06,BNB,0.370494,0.092893
2026-02-06,ETH,0.173913,0.019762
2026-02-06,MAG7.SSI,241417.298181,10688.519259
2026-02-06,SMAG7.SSI,4596.670300,229.104746
2026-02-06,SOL,3.376614,5.571343
2026-02-06,SOSO,3.620000,0.000000
2026-02-06,SUI,0.000000,6.495450
2026-02-06,USDC,80359.203220,166539.011993
2026-02-06,USDT,15.000000,0.000000
2026-02-07,BNB,0.130078,0.032388
2026-02-07,BTC,0.000999,0.000000
2026-02-07,ETH,0.149146,0.140399
2026-02-07,MAG7.SSI,1616.556654,0.000000
2026-02-07,SMAG7.SSI,450.034400,30.790900
2026-02-07,SOL,0.000000,0.215099
2026-02-07,SOSO,745.706000,0.000000
2026-02-07,SUI,30.000000,0.000000
2026-02-07,USDC,44150.530252,31109.241403
2026-02-07,USDT,154.122250,0.000000
2026-02-08,BNB,0.016075,0.008074
2026-02-08,ETH,0.109553,0.051576
2026-02-08,MAG7.SSI,291246.450967,611.959752
2026-02-08,SMAG7.SSI,7650.108700,0.000000
2026-02-08,SOL,0.000000,0.055961
2026-02-08,SUI,0.000000,101.029230
2026-02-08,TON,10.534445,0.000000
2026-02-08,USDC,64580.738411,212027.278343
2026-02-08,USDT,25.000000,0.000000
2026-02-09,BNB,0.343578,0.193381
2026-02-09,ETH,0.529639,0.037959
2026-02-09,MAG7.SSI,10566.229049,2031.644563
2026-02-09,SMAG7.SSI,5931.292400,0.000000
2026-02-09,SOL,3.272500,0.200000
2026-02-09,SOSO,198.954971,0.000000
2026-02-09,SUI,20.000000,0.000000
2026-02-09,USDC,34363.864018,14026.172287
2026-02-09,USDT,90.626707,0.000000
2026-02-10,AVAXC,2.000000,0.000000
2026-02-10,BNB,0.249500,0.000000
2026-02-10,DOGE,700.000000,0.000000
2026-02-10,ETH,0.192407,0.120477
2026-02-10,MAG7.SSI,637.803715,1045.145400
2026-02-10,SMAG7.SSI,10498.394700,0.000000
2026-02-10,SOL,0.150000,0.000000
2026-02-10,SOSO,338.510000,0.000000
2026-02-10,USDC,8847.592813,5266.002135
2026-02-10,XRP,50.000000,0.000000
2026-02-11,BNB,0.012097,0.000000
2026-02-11,ETH,1.631675,0.088048
2026-02-11,MAG7.SSI,104789.533933,150.806612
2026-02-11,SMAG7.SSI,4074.895100,325.987955
2026-02-11,SOL,0.485491,0.725491
2026-02-11,SOSO,69.260000,0.000000
2026-02-11,USDC,23479.580567,63413.569161
2026-02-12,ARB,110.182895,0.000000
2026-02-12,BNB,0.025927,0.000000
2026-02-12,BTC,0.000499,0.000000
2026-02-12,ETH,0.249199,0.010736
2026-02-12,MAG7.SSI,183.717017,0.000000
2026-02-12,SMAG7.SSI,676.688200,586.910672
2026-02-12,SOL,1.035420,0.039675
2026-02-12,SOSO,165.343990,0.000000
2026-02-12,USDC,15318.348628,164639.316259
2026-02-13,BNB,0.649896,0.875097
2026-02-13,DOGE,0.000000,318.936200
2026-02-13,ETH,0.873258,0.290476
2026-02-13,LTC,0.145900,0.000000
2026-02-13,MAG7.SSI,109408.438174,604.317285
2026-02-13,SMAG7.SSI,9349654.927254,15.088854
2026-02-13,SOL,0.681219,1.618726
2026-02-13,SOSO,805185.964892,0.000000
2026-02-13,TON,8.086267,253.316350
2026-02-13,USDC,125379.342748,186164.886898
2026-02-13,USDT,15.010000,0.000000
2026-02-14,ADA,56.626516,29.220676
2026-02-14,ARB,563.749837,0.000000
2026-02-14,BNB,0.482081,0.161893
2026-02-14,BTC,0.000541,0.000000
2026-02-14,DOGE,172.897271,172.897271
2026-02-14,ETH,0.779281,0.211910
2026-02-14,LTC,1.080825,0.000000
2026-02-14,MAG7.SSI,4018.143730,2467.870022
2026-02-14,SMAG7.SSI,6284.993500,163.870377
2026-02-14,SOL,3.440668,4.292896
2026-02-14,SOSO,1380.194615,0.000000
2026-02-14,SUI,50.910527,0.000000
2026-02-14,TON,47.228882,21.485926
2026-02-14,USDC,99598.220577,99025.587200
2026-02-14,USDT,75.233000,0.000000
2026-02-14,XLM,114.995000,0.000000
2026-02-14,XRP,12.000000,0.000000
2026-02-15,ARB,149.130000,0.000000
2026-02-15,BNB,0.240278,0.153413
2026-02-15,BTC,0.000220,0.000000
2026-02-15,ETH,0.583572,0.106197
2026-02-15,MAG7.SSI,7684.958901,1814.842993
2026-02-15,SMAG7.SSI,5202.510300,2591.488541
2026-02-15,SOL,3.305996,3.468940
2026-02-15,SOSO,496.762500,0.000000
2026-02-15,SUI,28.300000,0.000000
2026-02-15,TON,20.239700,7.478504
2026-02-15,USDC,73288.109518,59003.898371
2026-02-16,ADA,56.612500,0.000000
2026-02-16,BNB,1.096721,0.107384
2026-02-16,BTC,0.000254,0.000000
2026-02-16,DOGE,156.000000,0.000000
2026-02-16,ETH,0.551513,0.141496
2026-02-16,HYPE,0.000000,0.309878
2026-02-16,MAG7.SSI,314629.048702,4251.570975
2026-02-16,SMAG7.SSI,3107.295157,420.482481
2026-02-16,SOL,2.482628,0.756928
2026-02-16,SOSO,219.453071,0.000000
2026-02-16,SUI,16.744496,0.000000
2026-02-16,TON,20.719240,0.000000
2026-02-16,USDC,166427.416036,138237.295589
2026-02-16,USDT,16.000000,0.000000
2026-02-17,ARB,100.000000,0.000000
2026-02-17,BNB,0.088331,0.052655
2026-02-17,BTC,0.000000,0.147766
2026-02-17,ETH,0.123332,0.213401
2026-02-17,LTC,0.200000,0.454954
2026-02-17,MAG7.SSI,261.669632,421.234192
2026-02-17,SMAG7.SSI,519.984300,178.146070
2026-02-17,SOL,0.220000,0.188405
2026-02-17,SOSO,190.765400,0.000000
2026-02-17,USDC,71027.129835,35123.024558
2026-02-18,BTC,0.000640,0.000000
2026-02-18,ETH,0.087658,0.008927
2026-02-18,MAG7.SSI,1036.424609,399.500000
2026-02-18,SMAG7.SSI,852.140200,0.000000
2026-02-18,SOL,0.566000,0.739752
2026-02-18,SOSO,590.879557,0.000000
2026-02-18,USDC,11051.547753,10483.398765
2026-02-18,USDT,32.450000,0.000000
2026-02-18,XAUT,0.077622,0.077622
2026-02-19,BNB,0.000000,0.024654
2026-02-19,DOGE,0.000000,211.000000
2026-02-19,ETH,0.209855,0.171071
2026-02-19,MAG7.SSI,490.739699,440.963086
2026-02-19,SMAG7.SSI,53.464500,313.236344
2026-02-19,SOL,0.346471,0.000000
2026-02-19,SOSO,16.646071,0.000000
2026-02-19,SUI,210.099440,0.000000
2026-02-19,USDC,18654.171896,7960.469940
2026-02-19,USDT,125.200000,0.000000
2026-02-20,BNB,0.021005,0.000000
2026-02-20,ETH,0.028654,0.061851
2026-02-20,MAG7.SSI,2969.131771,9090.756795
2026-02-20,SMAG7.SSI,15.000000,729.697340
2026-02-20,SOL,12.659880,0.419894
2026-02-20,SOSO,481.000000,0.000000
2026-02-20,USDC,19919.936071,23164.191698
2026-02-21,BNB,0.026000,0.017996
2026-02-21,ETH,0.116573,0.008925
2026-02-21,MAG7.SSI,526.034758,223.065770
2026-02-21,SMAG7.SSI,117.247700,0.000000
2026-02-21,SOL,0.401267,0.000000
2026-02-21,SOSO,86.357600,0.000000
2026-02-21,TON,0.000000,11.998497
2026-02-21,USDC,109180.274422,15013.069576
2026-02-22,ARB,112.749419,0.000000
2026-02-22,BNB,0.418917,0.000000
2026-02-22,ETH,0.120564,0.203402
2026-02-22,MAG7.SSI,358462.791157,93735.690843
2026-02-22,SMAG7.SSI,181.577400,0.000000
2026-02-22,SOL,0.000000,1.409647
2026-02-22,SOSO,479.112830,0.000000
2026-02-22,SUI,0.000000,24.593850
2026-02-22,USDC,63736.488649,181650.469541
2026-02-23,BNB,0.131335,0.026000
2026-02-23,BTC,0.000976,0.000000
2026-02-23,DOGE,460.308308,0.000000
2026-02-23,ETH,1.007210,0.574516
2026-02-23,MAG7.SSI,18379.002154,11716.245678
2026-02-23,SMAG7.SSI,2312.182800,0.000000
2026-02-23,SOL,2.172636,0.954760
2026-02-23,SOSO,217.744584,0.000000
2026-02-23,SUI,0.000000,16.595850
2026-02-23,TON,3.000000,0.000000
2026-02-23,USDC,107970.077066,65270.809005
2026-02-24,BASE_DEFISSI,20.000000,0.000000
2026-02-24,BASE_MEMESSI,20.000000,0.000000
2026-02-24,BNB,0.334067,0.253928
2026-02-24,BTC,0.000254,0.000000
2026-02-24,ETH,0.173683,0.048593
2026-02-24,MAG7.SSI,13435.711913,9154.561088
2026-02-24,SMAG7.SSI,318.610900,0.000000
2026-02-24,SOL,0.955644,0.000000
2026-02-24,SOSO,292.740300,0.000000
2026-02-24,USDC,69615.554678,82598.899342
2026-02-24,USDT,15.500000,0.000000
2026-02-24,USSI,5.000000,0.000000
2026-02-25,BNB,0.178166,0.048000
2026-02-25,ETH,0.144468,0.040866
2026-02-25,HYPE,0.110000,0.000000
2026-02-25,MAG7.SSI,13276.850127,11173.682218
2026-02-25,SMAG7.SSI,9327.321100,0.000000
2026-02-25,SOL,1.809250,0.255644
2026-02-25,SUI,73.850000,0.000000
2026-02-25,USDC,14952.312733,44332.976403
2026-02-26,ARB,25.590000,0.000000
2026-02-26,AVAXC,3.400000,0.000000
2026-02-26,BNB,0.031815,0.031814
2026-02-26,ETH,0.308834,0.026929
2026-02-26,MAG7.SSI,7147.932258,776.134837
2026-02-26,SOL,0.190481,0.282934
2026-02-26,SOSO,32.891700,0.000000
2026-02-26,TON,60.924060,11.706487
2026-02-26,USDC,18000.802999,22822.897816
2026-02-26,USDT,24.000000,0.000000
2026-02-27,BNB,1.982448,0.000000
2026-02-27,BTC,0.000224,0.000000
2026-02-27,ETH,0.378923,0.162135
2026-02-27,MAG7.SSI,18015.732030,14974.245401
2026-02-27,SMAG7.SSI,433.838100,128.947028
2026-02-27,SOL,0.302500,0.242816
2026-02-27,SOSO,493.178600,0.000000
2026-02-27,SUI,0.000000,18.394480
2026-02-27,USDC,87621.862793,156064.073020
2026-02-27,USDT,194.705700,0.000000
2026-02-28,BNB,0.089331,0.057968
2026-02-28,BTC,0.000086,0.000000
2026-02-28,ETH,0.110573,0.032063
2026-02-28,LTC,0.000000,0.853743
2026-02-28,MAG7.SSI,1058.140262,5138.516411
2026-02-28,SMAG7.SSI,15.453135,346.635147
2026-02-28,SOL,0.252770,13.725884
2026-02-28,SOSO,118.846953,0.000000
2026-02-28,TON,5.000000,0.000000
2026-02-28,USDC,82557.022930,38280.024691
2026-02-28,USDT,4039.090000,0.000000
2026-03-01,BNB,0.072129,0.048268
2026-03-01,BTC,0.001084,0.000544
2026-03-01,ETH,0.382749,0.169278
2026-03-01,MAG7.SSI,2114.489002,1124.736888
2026-03-01,SMAG7.SSI,10629.382469,278.699845
2026-03-01,SOL,1.089455,0.000000
2026-03-01,SOSO,179.102800,0.000000
2026-03-01,SUI,0.000000,17.063956
2026-03-01,TON,21.840657,0.000000
2026-03-01,USDC,68576.429593,52663.183355
2026-03-01,XRP,98.999982,0.000000
2026-03-02,BNB,0.289546,0.000000
2026-03-02,DEFI.SSI,653000.000000,0.000000
2026-03-02,ETH,0.619877,0.054157
2026-03-02,HYPE,0.000000,0.229931
2026-03-02,MAG7.SSI,17021.449108,15265.013316
2026-03-02,MEME.SSI,283000.000000,0.000000
2026-03-02,SMAG7.SSI,89.427100,83.108207
2026-03-02,SOL,0.000000,0.059982
2026-03-02,SOSO,697.997362,0.000000
2026-03-02,USDC,22333.009986,77351.645316
2026-03-02,USDT,20.268954,44.500000
2026-03-02,USSI,122000.000000,0.000000
2026-03-03,AMZNX,0.028884,0.000000
2026-03-03,ARB,31.814944,0.000000
2026-03-03,BNB,0.113084,0.000000
2026-03-03,BTC,0.000275,0.000000
2026-03-03,ETH,0.111141,0.024578
2026-03-03,GOOGLX,0.018875,0.000000
2026-03-03,HYPE,0.100000,0.000000
2026-03-03,MAG7.SSI,871.665789,7165.898801
2026-03-03,METAX,0.009209,0.000000
2026-03-03,SMAG7.SSI,290.510500,110.000000
2026-03-03,SOL,0.070000,0.752967
2026-03-03,SOSO,321.312080,0.000000
2026-03-03,SUI,5.410000,6.397550
2026-03-03,USDC,28447.973849,15130.944065
2026-03-03,USDT,23.920000,0.000000
2026-03-04,ADA,10.000000,0.000000
2026-03-04,BNB,0.000000,0.045000
2026-03-04,ETH,0.091385,0.109729
2026-03-04,MAG7.SSI,21467.984866,4398.678344
2026-03-04,SMAG7.SSI,1337.262100,0.000000
2026-03-04,SOL,1.106224,1.026983
2026-03-04,SOSO,57.906434,0.000000
2026-03-04,USDC,14812.824733,41064.995511
2026-03-04,USDT,44.370000,0.000000
2026-03-05,AAPLX,19.285419,0.000000
2026-03-05,AMZNX,22.955216,0.000000
2026-03-05,BNB,0.116878,0.012995
2026-03-05,ETH,0.195975,0.051549
2026-03-05,GOOGLX,16.720958,0.000000
2026-03-05,MAG7.SSI,32785.834177,520.341408
2026-03-05,METAX,7.644909,0.000000
2026-03-05,NVDAX,27.772324,0.000000
2026-03-05,SMAG7.SSI,208.391900,5.007643
2026-03-05,SOL,5.666151,0.190175
2026-03-05,TON,0.000000,37.216969
2026-03-05,TSLAX,12.450523,0.000000
2026-03-05,USDC,25538.958970,67862.968708
2026-03-06,AMZNX,0.000000,0.028883
2026-03-06,BNB,0.039764,0.000000
2026-03-06,BTC,0.000224,0.000000
2026-03-06,DEFI.SSI,22.038391,22.038391
2026-03-06,ETH,0.469852,0.133214
2026-03-06,GOOGLX,0.000000,0.018875
2026-03-06,MAG7.SSI,39402.366791,1558.424950
2026-03-06,MEME.SSI,22.160267,22.160267
2026-03-06,METAX,0.000000,0.009208
2026-03-06,SMAG7.SSI,6.950100,188.381683
2026-03-06,SOL,0.831762,1.152578
2026-03-06,SOSO,1399.014787,0.000000
2026-03-06,SSOSO,7.000000,0.000000
2026-03-06,SUI,44.125770,0.000000
2026-03-06,USDC,83888.425835,117281.240753
2026-03-06,USDT,16.000000,0.000000
2026-03-07,BNB,0.170092,0.149184
2026-03-07,BTC,0.000322,0.000000
2026-03-07,ETH,0.090996,0.168501
2026-03-07,MAG7.SSI,14789.774494,4175.933185
2026-03-07,SMAG7.SSI,4359.224500,83.214087
2026-03-07,SOL,0.879163,0.742491
2026-03-07,SOSO,114.848160,0.000000
2026-03-07,USDC,27237.194662,46357.087119
2026-03-07,USDT,19.835364,0.000000
2026-03-08,BNB,0.026000,0.000000
2026-03-08,ETH,0.044391,0.020645
2026-03-08,MAG7.SSI,3858.019503,6974.930527
2026-03-08,SMAG7.SSI,1063.110100,19.796730
2026-03-08,SOL,1.000000,0.000000
2026-03-08,USDC,13809.822905,42517.956150
2026-03-09,BNB,0.041945,0.000000
2026-03-09,DOGE,0.000000,479.971258
2026-03-09,ETH,0.171552,0.106236
2026-03-09,MAG7.SSI,24208.907459,19025.557366
2026-03-09,SMAG7.SSI,103.411527,93.873327
2026-03-09,SOL,0.000000,0.570959
2026-03-09,SOSO,4.008961,0.000000
2026-03-09,USDC,31981.671300,22056.380059
2026-03-09,USDT,60.000000,0.000000
2026-03-10,BNB,0.235000,0.006999
2026-03-10,BTC,0.000259,0.000000
2026-03-10,ETH,0.053574,0.008267
2026-03-10,MAG7.SSI,7765.212608,22069.128767
2026-03-10,SMAG7.SSI,158.249000,224.133395
2026-03-10,SOL,0.000000,0.286941
2026-03-10,SOSO,1514.030413,0.000000
2026-03-10,USDC,38163.640784,12806.521862
2026-03-11,BNB,0.053520,0.000000
2026-03-11,ETH,1.114651,0.620883
2026-03-11,MAG7.SSI,7686.734701,3195.169528
2026-03-11,SMAG7.SSI,657.657760,87.180771
2026-03-11,SOL,0.030000,0.000000
2026-03-11,TON,5.352905,0.000000
2026-03-11,USDC,34852.948201,11314.678779
2026-03-11,USDT,15.850000,0.000000
2026-03-12,BNB,0.000000,0.025000
2026-03-12,ETH,0.068783,0.225236
2026-03-12,MAG7.SSI,12864.128322,4113.579298
2026-03-12,SMAG7.SSI,296.656500,97.526585
2026-03-12,SOSO,262.870689,0.000000
2026-03-12,SUI,61.085266,0.000000
2026-03-12,USDC,25123.532319,9652.646094
2026-03-13,AVAXC,0.000000,2.000000
2026-03-13,BNB,0.327719,0.230921
2026-03-13,ETH,0.132950,0.325215
2026-03-13,MAG7.SSI,599.566478,5683.219373
2026-03-13,SMAG7.SSI,47.454700,15.513500
2026-03-13,SOL,1.013570,0.245476
2026-03-13,SSOSO,2868.744900,0.000000
2026-03-13,USDC,12463.322442,22426.117604
2026-03-14,AVAXC,1.567407,0.000000
2026-03-14,BNB,0.005195,0.116352
2026-03-14,BTC,0.001134,0.001133
2026-03-14,ETH,1.362949,11.293886
2026-03-14,MAG7.SSI,40059.129777,4244.780359
2026-03-14,SMAG7.SSI,23.405800,0.000000
2026-03-14,SOSO,632.790288,0.000000
2026-03-14,SSOSO,6038.174900,0.000000
2026-03-14,SUI,60.932956,32.352900
2026-03-14,TON,81.263493,0.000000
2026-03-14,USDC,46408.232517,27804.246962
2026-03-14,USDT,112.537439,0.000000
2026-03-15,BNB,0.015090,0.000000
2026-03-15,ETH,20.525999,20.059995
2026-03-15,MAG7.SSI,742.988084,6897.578496
2026-03-15,SMAG7.SSI,85.962600,154.790350
2026-03-15,SOL,0.000000,0.520359
2026-03-15,SOSO,100.000000,0.000000
2026-03-15,SSOSO,80.431600,0.000000
2026-03-15,TON,11.926489,17.547325
2026-03-15,USDC,16516.010254,31532.128660
2026-03-16,BNB,0.024775,0.024775
2026-03-16,BTC,0.000359,0.370790
2026-03-16,DEFI.SSI,58.000015,0.000000
2026-03-16,ETH,0.000000,0.323119
2026-03-16,MAG7.SSI,159942.157571,14484.691065
2026-03-16,SMAG7.SSI,170.632100,15.013500
2026-03-16,SOL,0.935155,0.000000
2026-03-16,SOSO,1260.190000,0.000000
2026-03-16,SSOSO,3467.760000,0.000000
2026-03-16,SUI,124.656367,43.744079
2026-03-16,TON,147.195764,0.000000
2026-03-16,USDC,58819.741986,105354.945515
2026-03-16,USDT,26.200000,0.000000
2026-03-16,USSI,6.752657,6.752657
2026-03-17,BNB,0.084000,0.120957
2026-03-17,ETH,0.034650,0.144486
2026-03-17,MAG7.SSI,275.157979,2252.616356
2026-03-17,SMAG7.SSI,95.305200,0.000000
2026-03-17,SOL,0.356715,3.998740
2026-03-17,SOSO,76.029900,0.000000
2026-03-17,SSOSO,93780.680900,0.000000
2026-03-17,SUI,30.000000,0.000000
2026-03-17,USDC,20671.930984,140602.066907
2026-03-17,USDT,101282.615720,51.268954
2026-03-18,BNB,0.138941,1.890859
2026-03-18,ETH,0.223782,0.053796
2026-03-18,MAG7.SSI,22328.107488,23441.784716
2026-03-18,SMAG7.SSI,85.987000,22.077175
2026-03-18,SOSO,89.889377,0.000000
2026-03-18,SSOSO,10391.570700,0.000000
2026-03-18,SUI,18.276601,0.000000
2026-03-18,TON,60.469363,0.000000
2026-03-18,USDC,33015.163116,22618.308997
2026-03-18,USDT,489.575246,207.372720
2026-03-19,AAPLX,0.034006,0.034000
2026-03-19,BNB,2.355327,1.908560
2026-03-19,ETH,1.195593,1.018905
2026-03-19,MAG7.SSI,8369.371309,815.138686
2026-03-19,SMAG7.SSI,36.305000,6.000000
2026-03-19,SOL,0.585902,0.000000
2026-03-19,SOSO,956.097400,0.000000
2026-03-19,SSOSO,1620.954400,0.000000
2026-03-19,TON,197.458091,0.000000
2026-03-19,USDC,61808.337090,39961.690390
2026-03-19,USDT,939.182394,153.314474
2026-03-20,BNB,0.320060,0.304800
2026-03-20,BTC,0.000280,0.000000
2026-03-20,ETH,0.096085,0.095138
2026-03-20,MAG7.SSI,2528.578535,4176.401511
2026-03-20,SMAG7.SSI,127.471800,287.989753
2026-03-20,SOL,0.046656,0.000000
2026-03-20,SOSO,433.566650,0.000000
2026-03-20,SUI,34.068048,42.583525
2026-03-20,TON,4.827190,0.000000
2026-03-20,USDC,15581.592716,21948.402290
2026-03-20,USDT,99.995843,61.259661
2026-03-21,AVAXC,2.000000,0.000000
2026-03-21,BNB,0.110201,0.000000
2026-03-21,ETH,0.354276,0.012599
2026-03-21,MAG7.SSI,52.023077,1121.133963
2026-03-21,SMAG7.SSI,78.555800,9.574594
2026-03-21,SOL,0.000000,1.400544
2026-03-21,SOSO,334.443024,0.000000
2026-03-21,SSOSO,723.491300,0.000000
2026-03-21,SUI,16.693270,0.000000
2026-03-21,USDC,5536.800365,5974.294656
2026-03-21,USDT,942.466500,0.000000
2026-03-22,BNB,0.000000,0.060459
2026-03-22,ETH,0.033467,0.038831
2026-03-22,MAG7.SSI,268.271412,2415.306801
2026-03-22,SSOSO,48.340700,0.000000
2026-03-22,USDC,28470.110766,8311.876713
2026-03-22,USDT,141.744999,56.000000
2026-03-23,ETH,0.120620,0.009593
2026-03-23,MAG7.SSI,348.685660,7338.752150
2026-03-23,SMAG7.SSI,386.881800,58.888858
2026-03-23,SOL,0.044209,0.954319
2026-03-23,SOSO,103.655422,0.000000
2026-03-23,SSOSO,243.660800,0.000000
2026-03-23,USDC,5470.719322,4765.566636
2026-03-23,USDT,296.625029,15.200000
2026-03-24,ETH,0.085000,0.081184
2026-03-24,MAG7.SSI,177202.257986,11386.996000
2026-03-24,SMAG7.SSI,13804.673700,0.000000
2026-03-24,SOL,1.409291,0.716792
2026-03-24,SOSO,1630.000000,0.000000
2026-03-24,SSOSO,755.002100,0.000000
2026-03-24,USDC,3423.914314,98658.917145
2026-03-24,USDT,53.195318,11.950000
2026-03-25,BNB,1.512819,1.170237
2026-03-25,ETH,0.435849,0.317929
2026-03-25,MAG7.SSI,13298.737960,7094.215555
2026-03-25,SMAG7.SSI,315.924600,89.627759
2026-03-25,SOL,0.290000,0.580779
2026-03-25,SOSO,20.000000,0.000000
2026-03-25,SUI,20.980000,0.000000
2026-03-25,USDC,71285.024077,39841.393119
2026-03-25,USDT,1214.159011,104.711510
2026-03-25,XRP,39.000000,503.723635
2026-03-26,ETH,0.021842,0.244793
2026-03-26,MAG7.SSI,141.910126,2167.252588
2026-03-26,SMAG7.SSI,59.473890,36.986690
2026-03-26,SOL,0.060000,0.000000
2026-03-26,SOSO,6.773400,0.000000
2026-03-26,SSOSO,24.526400,0.000000
2026-03-26,TON,18.058213,0.000000
2026-03-26,USDC,4724.388863,11276.736860
2026-03-26,USDT,164.909333,20.020000
2026-03-26,USSI,80.043108,0.000000
2026-03-27,ETH,0.052000,0.000000
2026-03-27,MAG7.SSI,42292.940325,777.009729
2026-03-27,SOSO,235.733900,0.000000
2026-03-27,USDC,27716.455864,7589.460745
2026-03-27,USDT,149.352715,17.741499
2026-03-28,BNB,0.796334,0.539678
2026-03-28,ETH,0.270316,0.030691
2026-03-28,MAG7.SSI,338745.575817,7129.984639
2026-03-28,MEME.SSI,158.942795,0.000000
2026-03-28,SMAG7.SSI,24.248000,0.000000
2026-03-28,SOL,0.255000,0.000000
2026-03-28,SOSO,41.000000,0.000000
2026-03-28,SSOSO,33.392300,0.000000
2026-03-28,SUI,28.092766,25.879565
2026-03-28,USDC,51959.712744,183061.366447
2026-03-28,USDT,492.091010,41.890000
2026-03-28,XRP,136.500000,0.000000
2026-03-29,BNB,5.400373,4.873715
2026-03-29,ETH,0.791176,0.056147
2026-03-29,LTC,0.726398,0.000000
2026-03-29,MAG7.SSI,19335.282408,7370.036902
2026-03-29,MEME.SSI,0.000000,136.000000
2026-03-29,SMAG7.SSI,2544.148200,2485.745100
2026-03-29,SOL,0.512376,0.309583
2026-03-29,SOSO,420.063640,0.000000
2026-03-29,SSOSO,163.693100,0.000000
2026-03-29,TON,22.305210,0.000000
2026-03-29,USDC,70100.953853,31967.912981
2026-03-29,USDT,2119.372350,87.000000
2026-03-29,XRP,12.156050,0.000000
2026-03-30,BNB,5.794000,5.331958
2026-03-30,BTC,0.000269,0.039895
2026-03-30,ETH,2.081348,1.432251
2026-03-30,MAG7.SSI,10967.013141,48140.633198
2026-03-30,SMAG7.SSI,10380.120900,1233.681773
2026-03-30,SOL,1.986894,1.848840
2026-03-30,SOSO,249.317082,0.000000
2026-03-30,SUI,34.218954,31.903054
2026-03-30,TON,30.413738,0.000000
2026-03-30,USDC,129834.452161,100924.602258
2026-03-30,USDT,682.708376,168.997317
2026-03-31,BNB,0.023451,0.000000
2026-03-31,DEFI.SSI,33.521627,168.800208
2026-03-31,DOGE,33.952631,93.853181
2026-03-31,ETH,0.815424,0.308427
2026-03-31,HYPE,1.580000,0.000000
2026-03-31,MAG7.SSI,35658.178042,33483.724590
2026-03-31,SMAG7.SSI,6276.664368,45.552487
2026-03-31,SOL,2.223457,0.362979
2026-03-31,SOSO,151.494483,0.000000
2026-03-31,SSOSO,636.680200,0.000000
2026-03-31,SUI,68.297643,32.557435
2026-03-31,USDC,107940.916284,94843.642710
2026-03-31,USDT,26625.819646,25155.540000
2026-04-01,BNB,4.090926,3.329743
2026-04-01,BTC,0.000818,0.000000
2026-04-01,DEFI.SSI,0.000000,222.195474
2026-04-01,DOGE,3996.000000,0.000000
2026-04-01,ETH,1.258474,0.324555
2026-04-01,MAG7.SSI,7279.572661,7084.131587
2026-04-01,SMAG7.SSI,4807.581057,4943.362709
2026-04-01,SOL,1.035200,0.285581
2026-04-01,SOSO,110.543819,0.000000
2026-04-01,SSOSO,1764.390200,0.000000
2026-04-01,USDC,118433.850732,100713.100502
2026-04-01,USDT,1924.037286,1092.510565
2026-04-01,USSI,29434.546766,0.000000
2026-04-02,BNB,1.840962,1.768900
2026-04-02,BTC,0.000546,0.000000
2026-04-02,DOGE,31.000000,0.000000
2026-04-02,ETH,0.646434,0.315335
2026-04-02,MAG7.SSI,260732.588168,8214.150463
2026-04-02,SMAG7.SSI,3106.649174,2686.967532
2026-04-02,SOL,1.448633,2.933145
2026-04-02,SOSO,38.321390,0.000000
2026-04-02,SSOSO,101.603900,0.000000
2026-04-02,USDC,80669.709201,170220.266001
2026-04-02,USDT,1197.688217,218.614425
2026-04-03,BNB,0.014621,0.025810
2026-04-03,ETH,1.191765,0.592179
2026-04-03,LTC,0.000000,0.093938
2026-04-03,MAG7.SSI,8477.895434,6101.460580
2026-04-03,SMAG7.SSI,578.622943,533.527555
2026-04-03,SOL,0.877495,0.194248
2026-04-03,SOSO,100.000000,0.000000
2026-04-03,SSOSO,380.931600,0.000000
2026-04-03,SUI,18.359311,0.000000
2026-04-03,USDC,85575.771812,41393.675454
2026-04-03,USDT,1304.997598,535.998034
2026-04-04,ADA,70.000000,0.000000
2026-04-04,BTC,0.000420,0.000000
2026-04-04,ETH,0.546636,0.184718
2026-04-04,MAG7.SSI,15443.143087,9333.257520
2026-04-04,SMAG7.SSI,224.449922,150.050522
2026-04-04,SOL,0.289496,0.120843
2026-04-04,SOSO,195.270100,0.000000
2026-04-04,SSOSO,398.408700,0.000000
2026-04-04,SUI,24.726115,21.082681
2026-04-04,USDC,67769.693323,45021.364698
2026-04-04,USDT,3043.076024,129.955950
2026-04-04,USSI,3241.722804,0.000000
2026-04-04,XLM,246.000000,0.000000
2026-04-05,BNB,0.371990,0.000000
2026-04-05,BTC,0.000298,0.000598
2026-04-05,DEFI.SSI,164.015143,0.000000
2026-04-05,ETH,1.192615,0.736241
2026-04-05,MAG7.SSI,330206.111022,3111.753729
2026-04-05,SMAG7.SSI,1151.064621,836.621911
2026-04-05,SOL,0.604000,0.643651
2026-04-05,SOSO,56.898310,0.000000
2026-04-05,SSOSO,207.428200,0.000000
2026-04-05,SUI,0.000000,29.285446
2026-04-05,USDC,60995.317158,194811.562135
2026-04-05,USDT,3998.797982,114.923729
2026-04-05,USSI,3930.903761,0.000000
2026-04-06,BNB,0.154091,0.076347
2026-04-06,BTC,0.000650,0.000000
2026-04-06,DEFI.SSI,60.000000,0.000000
2026-04-06,ETH,0.994507,0.679974
2026-04-06,MAG7.SSI,9782.813826,2723.626231
2026-04-06,SMAG7.SSI,344.789469,217.254955
2026-04-06,SOL,3.009637,3.063568
2026-04-06,SOSO,61.080450,0.000000
2026-04-06,SSOSO,50.000000,0.000000
2026-04-06,SUI,0.000000,41.576860
2026-04-06,USDC,67371.071285,52534.092102
2026-04-06,USDT,1175.486493,61.272077
2026-04-06,XRP,46.269000,0.000000
2026-04-07,AVAXC,0.000000,0.400000
2026-04-07,BNB,0.046181,0.000000
2026-04-07,ETH,0.762863,0.096357
2026-04-07,MAG7.SSI,13183.527156,911.669485
2026-04-07,SMAG7.SSI,917.647400,113.648390
2026-04-07,SOL,0.210000,0.338955
2026-04-07,SOSO,131.689598,0.000000
2026-04-07,SSOSO,51.267300,0.000000
2026-04-07,SUI,21.980000,0.000000
2026-04-07,USDC,60019.094617,103080.042642
2026-04-07,USDT,2554.541200,136.830000
2026-04-08,AVAXC,0.000000,5.885911
2026-04-08,BNB,0.015400,0.000000
2026-04-08,ETH,0.129792,0.033421
2026-04-08,MAG7.SSI,2518.282262,5551.633707
2026-04-08,SMAG7.SSI,132.035400,79.223920
2026-04-08,SOL,0.100000,0.586618
2026-04-08,SOSO,145.304129,0.000000
2026-04-08,SUI,4.500000,0.000000
2026-04-08,USDC,14834.077699,455897.098005
2026-04-08,USDT,263.992143,74.023180
2026-04-09,BNB,0.000000,0.029042
2026-04-09,DEFI.SSI,190.510019,0.000000
2026-04-09,ETH,0.095320,0.053087
2026-04-09,MAG7.SSI,732.342000,572.886047
2026-04-09,MEME.SSI,54.049162,0.000000
2026-04-09,SMAG7.SSI,110.407800,115.217673
2026-04-09,SOL,0.434198,0.563402
2026-04-09,SSOSO,1115.782600,0.000000
2026-04-09,SUI,80.768802,75.522852
2026-04-09,USDC,16523.736231,27013.430731
2026-04-09,USDT,413.465172,51.250000
2026-04-09,XRP,0.000000,13.861170
2026-04-10,BNB,0.000000,0.015989
2026-04-10,DEFI.SSI,439.921800,0.000000
2026-04-10,ETH,0.056162,0.020409
2026-04-10,MAG7.SSI,434.377973,1536.872482
2026-04-10,SMAG7.SSI,33.351600,96.798013
2026-04-10,SOL,0.330000,0.000000
2026-04-10,SOSO,2.000000,0.000000
2026-04-10,SUI,53.410280,0.000000
2026-04-10,TON,6.937395,10.374289
2026-04-10,USDC,10571.340174,12426.761521
2026-04-10,USDT,41.838476,53.519418
2026-04-11,ETH,0.021080,0.010977
2026-04-11,MAG7.SSI,1126.355913,5059.570929
2026-04-11,SMAG7.SSI,276.407794,154.322185
2026-04-11,SOL,0.261744,2.040402
2026-04-11,SOSO,40.203431,0.000000
2026-04-11,SUI,110.000000,108.885420
2026-04-11,USDC,5246.246584,10966.252699
2026-04-11,USDT,2756.022088,129.274720
2026-04-12,BNB,0.018000,0.000000
2026-04-12,ETH,0.105746,0.096975
2026-04-12,MAG7.SSI,563.629706,3888.078004
2026-04-12,SMAG7.SSI,29.212300,0.000000
2026-04-12,SOSO,52.472400,0.000000
2026-04-12,USDC,9346.754752,15824.063706
2026-04-12,USDT,690.336212,0.000000
2026-04-13,BNB,0.129255,0.032949
2026-04-13,DOGE,169.550968,0.000000
2026-04-13,ETH,0.000000,0.016088
2026-04-13,MAG7.SSI,419.020554,12501.298025
2026-04-13,MEME.SSI,0.000000,120.577783
2026-04-13,SMAG7.SSI,6.006800,39.561910
2026-04-13,SOSO,1175.347988,0.000000
2026-04-13,USDC,3528.622531,20035.504084
2026-04-13,USDT,220.706809,45.283000
2026-04-14,BNB,0.089358,0.000000
2026-04-14,ETH,0.072333,0.055364
2026-04-14,MAG7.SSI,655.317466,5010.229090
2026-04-14,SMAG7.SSI,461.246272,675.177578
2026-04-14,SOL,0.531789,0.207864
2026-04-14,SSOSO,68.348000,0.000000
2026-04-14,USDC,10385.867923,16350.645398
2026-04-14,USDT,724.147010,39.000000
2026-04-15,BNB,0.348271,0.000000
2026-04-15,DOGE,215.383812,0.000000
2026-04-15,ETH,0.054901,0.004207
2026-04-15,MAG7.SSI,1362.030456,9089.483891
2026-04-15,SMAG7.SSI,80.572200,129.287728
2026-04-15,SOL,0.300000,0.563444
2026-04-15,SOSO,111.000000,0.000000
2026-04-15,SSOSO,224.849400,0.000000
2026-04-15,SUI,0.000000,18.000000
2026-04-15,USDC,21814.391528,15750.828194
2026-04-15,USDT,253.072887,185.715462
2026-04-16,ARB,348.704000,0.000000
2026-04-16,BNB,0.054062,0.029980
2026-04-16,ETH,0.086641,0.034249
2026-04-16,LTC,0.058940,0.000000
2026-04-16,MAG7.SSI,268.864754,18420.795208
2026-04-16,SMAG7.SSI,225.151142,196.563519
2026-04-16,SOSO,35.193055,0.000000
2026-04-16,USDC,5896.524623,15723.769872
2026-04-16,USDT,384.837904,0.000000
2026-04-16,XAUT,0.016665,0.000000
2026-04-17,ARB,241.799300,0.000000
2026-04-17,BNB,0.000000,0.129914
2026-04-17,ETH,0.118701,0.019819
2026-04-17,HYPE,0.110000,0.000000
2026-04-17,MAG7.SSI,95.960945,7694.203849
2026-04-17,SMAG7.SSI,396.718500,15.020883
2026-04-17,SOL,0.381447,0.732674
2026-04-17,SOSO,5.459410,0.000000
2026-04-17,SSOSO,244.449400,0.000000
2026-04-17,SUI,10.029940,6.801770
2026-04-17,USDC,10223.609815,31520.272344
2026-04-17,USDT,72.392600,0.000000
2026-04-18,BNB,0.000000,0.184149
2026-04-18,ETH,0.049446,0.037176
2026-04-18,MAG7.SSI,202.130000,6467.555645
2026-04-18,SMAG7.SSI,190.918000,296.868199
2026-04-18,SOL,0.615427,0.000000
2026-04-18,SOSO,80.075000,0.000000
2026-04-18,SSOSO,55.125800,0.000000
2026-04-18,SUI,0.000000,42.257996
2026-04-18,USDC,33405.230393,27089.739270
2026-04-18,USDT,61.280000,0.000000
2026-04-19,ETH,0.069049,0.113026
2026-04-19,MAG7.SSI,181.526886,6128.014625
2026-04-19,SMAG7.SSI,77.326600,598.438923
2026-04-19,SOL,0.000000,0.451706
2026-04-19,SOSO,4.960191,0.000000
2026-04-19,SSOSO,1176.483100,0.000000
2026-04-19,USDC,103898.108703,28740.810416
2026-04-19,USDT,35.287000,0.000000
2026-04-20,ETH,0.014236,0.031179
2026-04-20,MAG7.SSI,44121.973812,49588.571002
2026-04-20,SMAG7.SSI,35.698000,75.928884
2026-04-20,SOL,0.390517,0.000000
2026-04-20,USDC,3392.534061,37635.436523
2026-04-20,USDT,410.402620,69.454852
2026-04-20,XRP,0.000000,118.123170
2026-04-21,BNB,0.000000,0.074951
2026-04-21,ETH,0.204634,0.190725
2026-04-21,MAG7.SSI,173.258061,10292.062966
2026-04-21,SMAG7.SSI,140.296928,125.831037
2026-04-21,SSOSO,1000.000000,0.000000
2026-04-21,SUI,0.000000,45.141240
2026-04-21,USDC,8460.749288,12746.246286
2026-04-21,USDT,2366.259700,2376.933490
2026-04-22,BNB,0.050000,0.062680
2026-04-22,BTC,0.001504,0.000000
2026-04-22,ETH,0.031380,0.036940
2026-04-22,LINK,0.000000,6.100025
2026-04-22,MAG7.SSI,458.228577,5977.309262
2026-04-22,SMAG7.SSI,243.854400,185.171112
2026-04-22,SSOSO,26.868400,0.000000
2026-04-22,USDC,12065.031726,15219.619188
2026-04-22,USDT,727.430489,0.000000
2026-04-23,BNB,0.154163,0.250880
2026-04-23,ETH,0.325612,0.092928
2026-04-23,HYPE,0.000000,7.542014
2026-04-23,MAG7.SSI,3533.545080,6266.096011
2026-04-23,SMAG7.SSI,298.041100,223.846385
2026-04-23,SOL,1.224626,0.000000
2026-04-23,SOSO,1433.221801,0.000000
2026-04-23,SSOSO,4676.765000,0.000000
2026-04-23,SUI,0.000000,43.224465
2026-04-23,USDC,62112.712027,40139.696461
2026-04-23,USDT,1231.209597,155.152202
2026-04-24,BNB,0.123118,0.025117
2026-04-24,ETH,0.058296,0.032884
2026-04-24,MAG7.SSI,7234.522057,1954.357998
2026-04-24,SMAG7.SSI,277.386400,75.874553
2026-04-24,SOSO,2853.745951,0.000000
2026-04-24,TON,0.000000,3.787536
2026-04-24,USDC,100157.991999,78855.882571
2026-04-24,USDT,262.788023,66.040000
2026-04-25,BTC,0.000322,0.000000
2026-04-25,ETH,0.042731,0.030668
2026-04-25,MAG7.SSI,307.790088,1097.455867
2026-04-25,SMAG7.SSI,223.749999,254.250066
2026-04-25,SOSO,3.796790,0.000000
2026-04-25,SSOSO,146.464000,0.000000
2026-04-25,USDC,27844.424871,44465.262504
2026-04-25,USDT,27.750000,0.000000
2026-04-26,BNB,0.388034,0.000000
2026-04-26,ETH,0.008100,0.002407
2026-04-26,MAG7.SSI,299.389555,793.768094
2026-04-26,SMAG7.SSI,288.759257,65.974375
2026-04-26,SOL,0.725082,0.000000
2026-04-26,SOSO,20.044248,0.000000
2026-04-26,SSOSO,5.115200,0.000000
2026-04-26,SUI,0.000000,15.789730
2026-04-26,USDC,13617.206615,25718.810630
2026-04-26,USDT,267.826289,69.900000
2026-04-27,BNB,0.031254,0.038950
2026-04-27,BTC,0.001249,0.000000
2026-04-27,ETH,0.093857,0.014692
2026-04-27,MAG7.SSI,95.952000,860.069492
2026-04-27,SMAG7.SSI,2045.228700,4.995152
2026-04-27,SOL,0.000000,0.919401
2026-04-27,SOSO,23.909352,0.000000
2026-04-27,USDC,44242.511162,45036.704096
2026-04-27,USDT,511.193057,0.000000
2026-04-28,BNB,0.000000,0.014990
2026-04-28,ETH,0.084992,0.033683
2026-04-28,MAG7.SSI,342.621500,1249.105927
2026-04-28,SMAG7.SSI,134.670700,28.419900
2026-04-28,SOL,0.000000,1.378102
2026-04-28,SOSO,5.083976,0.000000
2026-04-28,SSOSO,2.292500,0.000000
2026-04-28,TON,0.000000,6.106029
2026-04-28,USDC,7884.540510,16135.628253
2026-04-28,USDT,24.190000,15.850000
2026-04-29,BNB,0.009274,0.026000
2026-04-29,ETH,0.038103,0.032912
2026-04-29,MAG7.SSI,761.326351,2801.988017
2026-04-29,SMAG7.SSI,1997.798400,89.665582
2026-04-29,SOL,1.187078,0.264827
2026-04-29,SOSO,19.186708,0.000000
2026-04-29,USDC,13668.978788,6497.537627
2026-04-29,USDT,402.254976,25.000000
2026-04-29,XRP,0.000000,15.590874
2026-04-30,BNB,0.102479,0.104479
2026-04-30,ETH,0.063520,0.002500
2026-04-30,MAG7.SSI,154.869080,1644.095271
2026-04-30,SMAG7.SSI,282.695653,4.483857
2026-04-30,SOL,0.798630,0.703543
2026-04-30,SOSO,5.331273,0.000000
2026-04-30,SSOSO,507.100000,0.000000
2026-04-30,USDC,19369.600706,10033.497865
2026-04-30,USDT,139.328021,0.000000
2026-05-01,ARB,7593.223154,0.000000
2026-05-01,BNB,0.000000,0.025680
2026-05-01,ETH,0.204508,0.007694
2026-05-01,MAG7.SSI,57.791684,7414.985893
2026-05-01,SMAG7.SSI,52.619200,24.998145
2026-05-01,SOL,1.050000,0.000000
2026-05-01,SOSO,56.847969,0.000000
2026-05-01,SUI,17.232730,0.000000
2026-05-01,USDC,6586.374198,7100.984189
2026-05-01,USDT,738.879259,0.000000
2026-05-02,ETH,0.126132,0.021384
2026-05-02,MAG7.SSI,224.823988,1615.772259
2026-05-02,SOSO,29.581960,0.000000
2026-05-02,SSOSO,152.137900,0.000000
2026-05-02,USDC,6367.604754,12382.133241
2026-05-02,USDT,427.727773,30.962749
2026-05-03,ADA,0.000000,157.797365
2026-05-03,BNB,0.000000,0.066973
2026-05-03,ETH,0.009195,0.002775
2026-05-03,MAG7.SSI,188.995186,947.222619
2026-05-03,SMAG7.SSI,81.928600,0.000000
2026-05-03,SOSO,10.058000,0.000000
2026-05-03,SSOSO,19.778000,0.000000
2026-05-03,USDC,3782.969464,9457.892849
2026-05-03,USDT,26.409255,4.000000
2026-05-03,XAUT,0.000000,0.002291
2026-05-04,BNB,0.059254,0.044901
2026-05-04,ETH,0.022892,0.067154
2026-05-04,MAG7.SSI,455.128642,6575.218639
2026-05-04,SMAG7.SSI,40.023998,145.034780
2026-05-04,SOL,2.060000,0.060000
2026-05-04,SOSO,38.388936,0.000000
2026-05-04,SSOSO,297.910400,0.000000
2026-05-04,USDC,10947.844904,10333.155269
2026-05-04,USDT,50.436500,0.000000
2026-05-05,BNB,0.063341,0.096457
2026-05-05,ETH,0.033069,0.008470
2026-05-05,MAG7.SSI,476.716537,1718.062866
2026-05-05,SOL,0.840043,2.439413
2026-05-05,SOSO,142.402300,0.000000
2026-05-05,SSOSO,1689.429500,0.000000
2026-05-05,USDC,4154.645020,29425.140617
2026-05-05,USDT,644.793205,10.882629
2026-05-05,USSI,22965.329727,0.000000
2026-05-06,AAVE,0.044965,0.053965
2026-05-06,ADA,49.227721,0.000000
2026-05-06,ARB,32.422832,42.419590
2026-05-06,AVAXC,0.409737,0.529655
2026-05-06,BTC,0.000000,0.000522
2026-05-06,DEFI.SSI,21.990501,29.990493
2026-05-06,ETH,0.051699,0.021775
2026-05-06,LINK,1.259025,1.499025
2026-05-06,LTC,0.235340,0.000000
2026-05-06,MAG7.SSI,443.224392,3231.815943
2026-05-06,MEME.SSI,27.679713,30.570116
2026-05-06,PEPE,859530.797850,1199530.797850
2026-05-06,SMAG7.SSI,572.105037,273.708010
2026-05-06,SOL,0.432954,0.318805
2026-05-06,SOSO,3.000000,0.000000
2026-05-06,SSOSO,2.600000,0.000000
2026-05-06,SUI,7.991909,9.094085
2026-05-06,TON,3.199018,4.000000
2026-05-06,USDC,12774.859232,14489.024254
2026-05-06,USDT,473.929340,11.380319
2026-05-06,USSI,14.489925,15.489925
2026-05-06,XLM,0.000000,50.745500
2026-05-06,XRP,5.180980,10.792980
2026-05-07,ARB,287.114829,0.000000
2026-05-07,ETH,0.090656,0.013336
2026-05-07,MAG7.SSI,181.847173,1507.953617
2026-05-07,SMAG7.SSI,142.565528,225.087444
2026-05-07,SOL,0.217480,0.000000
2026-05-07,USDC,7845.887961,28715.808802
2026-05-07,USDT,373.390000,0.000000
2026-05-08,ADA,0.000000,49.289001
2026-05-08,BNB,0.030000,0.085946
2026-05-08,DOGE,32.800000,45.970100
2026-05-08,ETH,0.053069,0.023780
2026-05-08,MAG7.SSI,4541.716741,2830.777655
2026-05-08,SMAG7.SSI,98.659100,114.127141
2026-05-08,SOL,0.000000,0.165850
2026-05-08,SOSO,4.598928,0.000000
2026-05-08,SSOSO,40.413100,0.000000
2026-05-08,SUI,8.000000,0.000000
2026-05-08,USDC,3542.873110,10128.354995
2026-05-08,USDT,332.247146,0.000000
2026-05-09,AAVE,0.093786,0.108786
2026-05-09,ADA,0.000000,52.365940
2026-05-09,ARB,50.036901,60.036901
2026-05-09,AVAXC,0.847687,0.967688
2026-05-09,BNB,0.022888,0.024948
2026-05-09,BTC,0.000249,0.000000
2026-05-09,DEFI.SSI,25.000000,23.454744
2026-05-09,DOGE,88.346800,114.746700
2026-05-09,ETH,0.150414,0.092751
2026-05-09,HYPE,0.000000,0.677877
2026-05-09,LINK,0.738505,0.858505
2026-05-09,LTC,0.000000,0.235340
2026-05-09,MAG7.SSI,718.079067,2797.157755
2026-05-09,MEME.SSI,22.728808,22.895108
2026-05-09,PEPE,1075316.133600,1415316.133600
2026-05-09,SHIB,1938656.973550,2188656.973550
2026-05-09,SMAG7.SSI,18.102462,13.686300
2026-05-09,SOL,0.526604,2.141615
2026-05-09,SOSO,23.079711,0.000000
2026-05-09,SSOSO,160.263000,0.000000
2026-05-09,SUI,51.885676,7.986774
2026-05-09,TON,3.691557,4.492121
2026-05-09,UNI,2.388121,2.888121
2026-05-09,USDC,17901.922784,9313.743020
2026-05-09,USDT,2083.832207,76.977519
2026-05-09,USSI,7.354566,8.354566
2026-05-09,XAUT,0.007972,0.008372
2026-05-09,XLM,42.966500,49.967500
2026-05-09,XRP,147.123558,0.000000
2026-05-10,BNB,0.020077,0.057962
2026-05-10,ETH,0.028383,0.073556
2026-05-10,LTC,0.214340,0.000000
2026-05-10,MAG7.SSI,0.000000,3270.764835
2026-05-10,SMAG7.SSI,78.595600,21.976215
2026-05-10,SOL,0.218375,0.147557
2026-05-10,SOSO,62.998966,0.000000
2026-05-10,SSOSO,30.632300,0.000000
2026-05-10,USDC,7819.442042,8393.218539
2026-05-10,USDT,1276.220665,0.000000
2026-05-11,ADA,47.165940,0.000000
2026-05-11,BNB,0.008000,0.000000
2026-05-11,DEFI.SSI,120.000000,0.000000
2026-05-11,ETH,0.053966,0.013793
2026-05-11,MAG7.SSI,173.214672,1203.298346
2026-05-11,SMAG7.SSI,147.226700,0.000000
2026-05-11,SOL,0.183928,0.000000
2026-05-11,SUI,77.000000,0.000000
2026-05-11,USDC,4401.391119,20797.269537
2026-05-11,USDT,89.312108,0.000000
2026-05-12,BNB,0.121566,0.000000
2026-05-12,ETH,0.115131,0.046798
2026-05-12,MAG7.SSI,120.124965,477.892543
2026-05-12,SOL,0.074911,0.806889
2026-05-12,SOSO,12.730000,0.000000
2026-05-12,SSOSO,14.064500,0.000000
2026-05-12,USDC,2737.543950,9094.858472
2026-05-12,USDT,778.756046,17.277000
2026-05-13,BNB,0.040000,0.000000
2026-05-13,ETH,0.054062,0.026697
2026-05-13,MAG7.SSI,235.358564,227.280105
2026-05-13,MEME.SSI,602.521400,0.000000
2026-05-13,SMAG7.SSI,18.471800,40.373229
2026-05-13,SOL,0.000000,0.077543
2026-05-13,SOSO,584.832100,0.000000
2026-05-13,SSOSO,15.241800,0.000000
2026-05-13,USDC,7177.894291,6585.965207
2026-05-13,USDT,1201.248786,0.000000
2026-05-14,ETH,0.035191,0.021585
2026-05-14,MAG7.SSI,207.010104,917.076163
2026-05-14,SMAG7.SSI,369.509500,0.000000
2026-05-14,SOL,0.724456,0.544216
2026-05-14,SUI,0.000000,16.744496
2026-05-14,USDC,4355.841355,16153.239386
2026-05-14,USDT,473.910481,0.000000
2026-05-14,XRP,0.000000,32.585920
2026-05-15,BNB,0.000000,0.049994
2026-05-15,ETH,0.254442,0.007995
2026-05-15,HYPE,0.101000,0.000000
2026-05-15,MAG7.SSI,1820101.516548,826.117421
2026-05-15,SMAG7.SSI,23.813800,126.590979
2026-05-15,SOL,3.740387,3.046407
2026-05-15,SSOSO,3.837900,0.000000
2026-05-15,SUI,16.673290,0.000000
2026-05-15,USDC,7649.915006,14076.891678
2026-05-15,USDT,1324.318913,0.000000
2026-05-16,ETH,0.295714,0.004397
2026-05-16,MAG7.SSI,178.545840,1406.882431
2026-05-16,SMAG7.SSI,33.579631,49.807282
2026-05-16,SOL,0.050000,2.261538
2026-05-16,SOSO,8.134100,0.000000
2026-05-16,SUI,10.340000,0.000000
2026-05-16,USDC,5088.231580,4314.463726
2026-05-16,USDT,130.008378,15.000000
2026-05-17,BNB,0.000000,0.039433
2026-05-17,ETH,0.006870,0.004497
2026-05-17,MAG7.SSI,40.868206,311.263135
2026-05-17,SMAG7.SSI,356.161300,0.000000
2026-05-17,SOL,0.378123,0.000000
2026-05-17,SUI,16.763200,0.000000
2026-05-17,USDC,7543.401315,12489.351050
2026-05-17,USDT,688.500000,5.046400
2026-05-18,BNB,0.011981,0.000000
2026-05-18,ETH,0.135166,0.028093
2026-05-18,MAG7.SSI,0.000000,1551.852461
2026-05-18,SMAG7.SSI,115.114100,77.967462
2026-05-18,SOL,0.267481,13.572229
2026-05-18,SSOSO,96.944900,0.000000
2026-05-18,USDC,12099.989312,6837.854683
2026-05-18,USDT,968.410282,100.900000
2026-05-19,ETH,0.127581,0.006167
2026-05-19,MAG7.SSI,438.793084,1194.519941
2026-05-19,SOL,0.326733,0.000000
2026-05-19,USDC,8010.621575,7569.048231
2026-05-19,USDT,203.331011,30.525769
2026-05-20,ETH,0.085061,0.013320
2026-05-20,MAG7.SSI,0.000000,59.768744
2026-05-20,SOL,0.170000,0.092940
2026-05-20,SOSO,179.168273,0.000000
2026-05-20,SSOSO,1645.333700,0.000000
2026-05-20,USDC,6717.851215,12974.480736
2026-05-20,USDT,267.729805,39.500000
2026-05-21,ETH,0.016600,0.000000
2026-05-21,MAG7.SSI,20.277100,577.985017
2026-05-21,SMAG7.SSI,170.558368,151.176393
2026-05-21,SOL,0.060000,0.000000
2026-05-21,SOSO,1157.000000,0.000000
2026-05-21,SSOSO,20.380800,0.000000
2026-05-21,USDC,16046.873038,3673.845951
2026-05-21,USDT,582.569233,0.000000
2026-05-22,BNB,0.010617,0.339620
2026-05-22,ETH,0.055000,0.000000
2026-05-22,MAG7.SSI,1533.029230,1889.859331
2026-05-22,PEPE,0.000000,1354539.745100
2026-05-22,SMAG7.SSI,149.676384,85.029184
2026-05-22,SOL,0.150000,0.000000
2026-05-22,SOSO,52.394339,0.000000
2026-05-22,SSOSO,175.012700,0.000000
2026-05-22,USDC,4711.493495,2833.064069
2026-05-22,USDT,719.105175,0.000000
2026-05-23,ETH,0.007061,0.012292
2026-05-23,MAG7.SSI,21.721200,479.325647
2026-05-23,SMAG7.SSI,86.435300,5.049954
2026-05-23,SOL,0.050000,1.359424
2026-05-23,USDC,11396.815370,2209.127128
2026-05-23,USDT,392.327692,5.017308
2026-05-24,ETH,0.102395,0.075484
2026-05-24,MAG7.SSI,82.912300,2145.162640
2026-05-24,SOL,0.000000,1.968635
2026-05-24,SOSO,33.637500,0.000000
2026-05-24,SSOSO,3621.682300,0.000000
2026-05-24,USDC,5269.920147,4449.011510
2026-05-24,USDT,48.950001,0.000000
2026-05-24,USSI,0.000000,15.729769
2026-05-25,ETH,0.018007,0.000000
2026-05-25,MAG7.SSI,3394.621539,892.111592
2026-05-25,SMAG7.SSI,2452.454900,95.965774
2026-05-25,SOL,0.392958,0.000000
2026-05-25,SOSO,37.063400,0.000000
2026-05-25,TON,0.000000,9.224000
2026-05-25,USDC,4015.599787,8059.987975
2026-05-25,USDT,6.950000,0.000000
2026-05-26,ETH,0.005900,0.036348
2026-05-26,MAG7.SSI,60.100000,586.146016
2026-05-26,SMAG7.SSI,295.769300,0.000000
2026-05-26,SOL,0.348026,0.000000
2026-05-26,SOSO,337.546016,0.000000
2026-05-26,USDC,3782.357941,23749.295865
2026-05-26,USDT,387.985628,0.000000
2026-05-27,BTC,0.000000,0.002438
2026-05-27,ETH,0.020120,0.000000
2026-05-27,MAG7.SSI,254.213709,421.704926
2026-05-27,SMAG7.SSI,95.636400,87.060334
2026-05-27,SOL,0.000000,0.150934
2026-05-27,SOSO,20.000000,0.000000
2026-05-27,SSOSO,22.968400,0.000000
2026-05-27,USDC,9193.318932,10242.892018
2026-05-27,USDT,201.743822,0.000000
2026-05-28,BNB,0.021308,0.000000
2026-05-28,DEFI.SSI,20.000000,14.000000
2026-05-28,ETH,0.031400,0.000000
2026-05-28,MAG7.SSI,226.775319,896.460433
2026-05-28,SMAG7.SSI,12.713800,0.000000
2026-05-28,SOL,0.030069,0.208139
2026-05-28,SOSO,1.000000,0.000000
2026-05-28,SSOSO,480.211500,0.000000
2026-05-28,USDC,7142.599736,2715.300369
2026-05-28,USDT,806.078711,0.000000
2026-05-28,XLM,0.000000,249.837500
2026-05-29,BNB,0.012522,0.309798
2026-05-29,DEFI.SSI,0.000000,2440.000000
2026-05-29,ETH,0.097500,0.002998
2026-05-29,HYPE,0.647873,0.000000
2026-05-29,MAG7.SSI,8.000000,130.117118
2026-05-29,SMAG7.SSI,64.055800,3.000000
2026-05-29,SOL,1.484555,0.270325
2026-05-29,SSOSO,8.000000,0.000000
2026-05-29,USDC,8576.326480,4474.312758
2026-05-29,USDT,118.003406,7.480000
2026-05-30,BNB,0.006000,0.058961
2026-05-30,ETH,0.007400,0.003500
2026-05-30,MAG7.SSI,14.196736,1724.449538
2026-05-30,SOL,0.330000,1.256183
2026-05-30,SOSO,100.000000,0.000000
2026-05-30,SSOSO,233.246500,0.000000
2026-05-30,USDC,3294.811894,4291.228351
2026-05-30,USDT,304.709991,0.000000
2026-05-31,MAG7.SSI,273.031800,112.183127
2026-05-31,SMAG7.SSI,1698.320300,366.095219
2026-05-31,SOL,0.000000,0.169938
2026-05-31,USDC,4120.026803,3555.628735
2026-05-31,USDT,27.242000,0.000000
2026-06-01,ETH,0.030021,0.059011
2026-06-01,MAG7.SSI,0.000000,551.378404
2026-06-01,SMAG7.SSI,176.789197,638.705982
2026-06-01,SOL,1.319434,0.000000
2026-06-01,SOSO,16.456440,0.000000
2026-06-01,SSOSO,25.025700,0.000000
2026-06-01,USDC,7168.398138,17095.395461
2026-06-01,USDT,1969.492828,0.000000
2026-06-01,XLM,0.000000,25.983100
2026-06-02,BNB,0.057000,0.039703
2026-06-02,MAG7.SSI,26.179745,679.707640
2026-06-02,SMAG7.SSI,5.100000,0.000000
2026-06-02,SOL,0.039559,0.000000
2026-06-02,SSOSO,3030.915800,0.000000
2026-06-02,SUI,0.000000,13.291355
2026-06-02,TON,22.128899,0.000000
2026-06-02,USDC,10682.609095,9252.822669
2026-06-02,USDT,2942.584689,0.000000
2026-06-03,ETH,0.020638,0.011394
2026-06-03,MAG7.SSI,24.184545,253.360330
2026-06-03,SMAG7.SSI,0.000000,78.034439
2026-06-03,SOL,2.289434,0.256255
2026-06-03,SSOSO,5.827200,0.000000
2026-06-03,USDC,14413.193732,7000.333190
2026-06-03,USDT,90.163034,16.990000
2026-06-04,BNB,0.051349,0.000000
2026-06-04,ETH,0.117704,0.013991
2026-06-04,MAG7.SSI,10.000000,254.698782
2026-06-04,SMAG7.SSI,699.142400,0.000000
2026-06-04,SOL,0.937791,0.175570
2026-06-04,USDC,4397.863113,10884.804420
2026-06-04,USDT,408.904525,16.000000
2026-06-05,ARB,84.299562,0.000000
2026-06-05,BNB,0.009606,0.016830
2026-06-05,ETH,0.012243,0.015996
2026-06-05,MAG7.SSI,27.470100,0.000000
2026-06-05,SMAG7.SSI,783.150400,0.000000
2026-06-05,SOL,0.136216,1.218478
2026-06-05,USDC,16412.491184,22718.887672
2026-06-05,USDT,382.240880,0.000000
2026-06-06,BNB,0.032263,0.000000
2026-06-06,ETH,0.012900,0.019607
2026-06-06,MAG7.SSI,0.000000,419.638278
2026-06-06,SSOSO,2652.510000,0.000000
2026-06-06,USDC,7053.960689,7502.763781
2026-06-06,USDT,1017.945550,0.000000
2026-06-07,BNB,0.013800,0.000000
2026-06-07,ETH,0.000000,0.003997
2026-06-07,MAG7.SSI,69.651593,1072.866363
2026-06-07,SMAG7.SSI,154.549200,128.545810
2026-06-07,SOL,0.213427,0.047000
2026-06-07,SSOSO,5.000000,0.000000
2026-06-07,SUI,0.000000,8.596990
2026-06-07,USDC,6184.082327,5323.814163
2026-06-08,BNB,0.010124,0.000000
2026-06-08,ETH,0.187170,0.023000
2026-06-08,LTC,0.000000,0.135911
2026-06-08,MAG7.SSI,38.180508,564.886656
2026-06-08,SMAG7.SSI,138.546000,117.456049
2026-06-08,SOL,0.154140,0.185460
2026-06-08,SOSO,7.942316,0.000000
2026-06-08,USDC,2039.779285,4492.505452
2026-06-08,USDT,193.127382,0.000000
2026-06-09,ETH,0.040340,0.012201
2026-06-09,MAG7.SSI,77.259333,351.268795
2026-06-09,SMAG7.SSI,18.697100,0.000000
2026-06-09,SOSO,636.891400,0.000000
2026-06-09,USDC,9448.607029,16201.413212
2026-06-09,USDT,609.058067,5.046495
2026-06-10,BNB,0.021170,0.000000
2026-06-10,ETH,0.004308,0.010000
2026-06-10,MAG7.SSI,162.392389,839.712410
2026-06-10,SMAG7.SSI,0.000000,15.160649
2026-06-10,SOL,0.186702,0.000000
2026-06-10,SSOSO,11.079100,0.000000
2026-06-10,TON,36.336758,0.000000
2026-06-10,USDC,9379.214627,5375.523535
2026-06-10,USDT,30.227677,0.000000
2026-06-11,BNB,0.220240,0.000000
2026-06-11,ETH,0.292873,0.029581
2026-06-11,MAG7.SSI,8046.472951,414.698191
2026-06-11,SMAG7.SSI,304.682600,0.000000
2026-06-11,SOL,0.000000,0.142953
2026-06-11,SOSO,177.000000,0.000000
2026-06-11,USDC,7366.048687,6153.299308
2026-06-11,USDT,27.606100,0.000000
2026-06-12,ADA,0.000000,50.267305
2026-06-12,ARB,0.000000,191.275590
2026-06-12,AVAXC,0.000000,6.165989
2026-06-12,BNB,0.008352,0.267647
2026-06-12,ETH,0.008750,0.272367
2026-06-12,HYPE,0.700000,0.000000
2026-06-12,MAG7.SSI,134.386001,6305.460376
2026-06-12,SMAG7.SSI,435.933348,462.095711
2026-06-12,SOL,0.000000,1.113274
2026-06-12,SOSO,8740.550584,0.000000
2026-06-12,SSOSO,5401.152100,0.000000
2026-06-12,USDC,2919.274212,57444.311651
2026-06-12,USDT,387.256729,16.000000
2026-06-13,ADA,0.000000,46.369840
2026-06-13,ARB,7394.622600,0.000000
2026-06-13,BNB,0.000000,0.008242
2026-06-13,ETH,0.283286,0.353972
2026-06-13,HYPE,0.000000,0.259831
2026-06-13,MAG7.SSI,162.481797,40568.556048
2026-06-13,SMAG7.SSI,138.365781,140.548181
2026-06-13,SOL,0.000000,0.620697
2026-06-13,SOSO,7.000000,0.000000
2026-06-13,SSOSO,2915.989400,0.000000
2026-06-13,SUI,0.000000,129.322310
2026-06-13,USDC,32415.530397,68637.444595
2026-06-13,USDT,3378.685073,0.000000
2026-06-13,USSI,8607.495832,0.000000
2026-06-14,BNB,0.000000,0.655624
2026-06-14,BTC,0.000000,0.002638
2026-06-14,ETH,0.120772,0.059533
2026-06-14,MAG7.SSI,1624.217600,14345.103115
2026-06-14,MEME.SSI,0.000000,108.063229
2026-06-14,SMAG7.SSI,733.037000,112.589243
2026-06-14,SOL,6.866051,0.066774
2026-06-14,SOSO,1368.037941,0.000000
2026-06-14,SSOSO,1775.623000,0.000000
2026-06-14,SUI,0.000000,19.987000
2026-06-14,USDC,18062.608331,21799.870021
2026-06-14,USDT,372.754109,5.100000
2026-06-15,BNB,0.125637,0.000000
2026-06-15,DEFI.SSI,654.454034,0.000000
2026-06-15,ETH,0.288308,0.103102
2026-06-15,MAG7.SSI,0.000000,12876.471495
2026-06-15,SMAG7.SSI,76.973249,971.577849
2026-06-15,SOL,1.570000,0.792941
2026-06-15,SOSO,57.732700,0.000000
2026-06-15,SSOSO,2858.047900,0.000000
2026-06-15,USDC,11728.064007,27598.070130
2026-06-15,USDT,140.139701,0.000000
2026-06-16,BNB,0.000000,0.102937
2026-06-16,ETH,0.000000,0.039761
2026-06-16,MAG7.SSI,137.115909,708.553134
2026-06-16,SMAG7.SSI,0.000000,116.558600
2026-06-16,SOSO,10.826000,0.000000
2026-06-16,SSOSO,298.944800,0.000000
2026-06-16,USDC,1320.957095,7476.760608
2026-06-16,USDT,114.824106,26.000000
