date,token,total_depo,total_with
2025-10-08,USDC,200.100000,0.000000
2025-10-09,BTC,0.000050,0.000000
2025-10-09,MAG7.SSI,1.000000,0.000000
2025-10-09,SMAG7.SSI,2.000000,0.000000
2025-10-09,SOSO,1.000000,0.000000
2025-10-09,USDC,5000.000000,0.000000
2025-10-10,USDC,60.000000,0.000000
2025-10-11,USDC,1.100000,0.000000
2025-10-12,BTC,0.000010,0.000000
2025-10-12,MAG7.SSI,2.600000,0.000000
2025-10-12,SMAG7.SSI,1.000000,0.000000
2025-10-12,SOSO,4.002000,0.000000
2025-10-12,USDC,22.220000,0.220000
2025-10-13,BTC,0.000050,0.000000
2025-10-13,ETH,0.000100,0.000000
2025-10-13,MAG7.SSI,8.000000,0.000000
2025-10-13,PEPE,257558.012290,0.000000
2025-10-13,SMAG7.SSI,0.011000,0.000000
2025-10-13,USDC,52.060000,10.001000
2025-10-14,MAG7.SSI,1.000000,0.002000
2025-10-14,SOSO,0.200000,0.000000
2025-10-14,USDC,30.003000,0.001010
2025-10-15,BTC,0.000040,0.000000
2025-10-15,ETH,0.000100,0.000000
2025-10-15,MAG7.SSI,1.031710,0.000000
2025-10-15,PEPE,50854.844460,0.000000
2025-10-15,SMAG7.SSI,0.600000,0.000000
2025-10-15,SOSO,1.376055,0.000000
2025-10-16,BTC,0.009500,0.000000
2025-10-16,SMAG7.SSI,10000.800000,0.000000
2025-10-16,SOSO,0.024000,0.000000
2025-10-16,USDC,274.298625,5.010000
2025-10-17,DOGE,1.000000,0.000000
2025-10-17,SOL,0.010000,0.000000
2025-10-17,SOSO,0.010000,0.000000
2025-10-17,USDC,5521.110000,5562.710615
2025-10-18,LINK,0.200000,0.000000
2025-10-18,MAG7.SSI,296.463590,0.000000
2025-10-18,SMAG7.SSI,200.017100,2.118392
2025-10-18,SOSO,0.663993,0.000000
2025-10-18,USDC,41.900000,2.010000
2025-10-19,BTC,0.000000,0.000000
2025-10-19,MAG7.SSI,0.000002,0.000000
2025-10-19,SMAG7.SSI,0.002000,0.000000
2025-10-19,SOSO,10.000000,0.000000
2025-10-19,USDC,14.000000,0.000100
2025-10-20,ETH,0.002000,0.002000
2025-10-20,MAG7.SSI,10.010003,0.000000
2025-10-20,SMAG7.SSI,2000010.100000,0.000000
2025-10-20,SOSO,0.110000,0.000000
2025-10-20,USDC,25.930423,0.000000
2025-10-21,BTC,0.460200,0.009500
2025-10-21,ETH,6.510000,0.003000
2025-10-21,MAG7.SSI,102.892860,10.000000
2025-10-21,SMAG7.SSI,106.000000,8.892913
2025-10-21,SOL,136.162027,0.000000
2025-10-21,SOSO,20.000000,0.000000
2025-10-21,USDC,202040.333320,1031.147868
2025-10-22,BTC,0.002250,0.002693
2025-10-22,ETH,2.198523,0.011685
2025-10-22,MAG7.SSI,1763.499198,34.640443
2025-10-22,SMAG7.SSI,21153.504402,1.000000
2025-10-22,SOL,0.330000,0.407625
2025-10-22,SOSO,1121.357297,0.000000
2025-10-22,USDC,73164.172229,70285.998329
2025-10-23,DOGE,101599.358993,70.000000
2025-10-23,ETH,0.159160,0.000000
2025-10-23,LINK,1131.717899,1.475631
2025-10-23,MAG7.SSI,7868.035515,0.000000
2025-10-23,SMAG7.SSI,27460.802700,0.000000
2025-10-23,SOSO,29.862950,0.000000
2025-10-23,USDC,7056.018077,50063.867257
2025-10-24,ETH,0.043700,0.030000
2025-10-24,MAG7.SSI,340.644941,0.000000
2025-10-24,SMAG7.SSI,10978.193300,0.000000
2025-10-24,SOSO,5.030000,0.000000
2025-10-24,USDC,13509.894121,11586.209812
2025-10-25,MAG7.SSI,352.441282,0.000000
2025-10-25,SMAG7.SSI,228976.622500,0.000000
2025-10-25,SOSO,25.450000,0.000000
2025-10-25,USDC,2015.603051,379.463316
2025-10-26,ETH,0.015000,0.004095
2025-10-26,MAG7.SSI,1419.253564,0.000000
2025-10-26,SMAG7.SSI,8000.000000,0.000000
2025-10-26,SOL,0.000000,0.057807
2025-10-26,USDC,810.416268,451.571026
2025-10-27,ADA,60.000000,0.000000
2025-10-27,BNB,0.040000,0.000000
2025-10-27,ETH,0.010000,0.000000
2025-10-27,MAG7.SSI,500277.136392,0.000000
2025-10-27,SMAG7.SSI,9000020.000000,0.000000
2025-10-27,SOL,1.000000,0.000000
2025-10-27,SOSO,200000.000000,0.000000
2025-10-27,USDC,501295.478277,187.721298
2025-10-27,XRP,22.000000,3.000000
2025-10-28,ADA,30073.000000,15.000000
2025-10-28,BNB,17.753979,0.020938
2025-10-28,ETH,2.465000,0.000000
2025-10-28,MAG7.SSI,45982.796623,5.000000
2025-10-28,SMAG7.SSI,4208196.715500,1993.629700
2025-10-28,SOL,0.040000,0.000000
2025-10-28,SOSO,1355.175054,0.000000
2025-10-28,USDC,93412.815244,44409.923668
2025-10-28,XRP,9117.600000,24.000000
2025-10-29,ETH,0.064750,0.002750
2025-10-29,MAG7.SSI,336.442011,0.000000
2025-10-29,SMAG7.SSI,15841678.129700,1.000000
2025-10-29,SOL,0.078698,0.000000
2025-10-29,SOSO,341.253630,0.000000
2025-10-29,USDC,17145.412463,13513.602744
2025-10-29,XRP,3399.700000,0.000000
2025-10-30,BNB,0.000000,0.012991
2025-10-30,ETH,0.015000,0.000000
2025-10-30,MAG7.SSI,483.163941,43745.273495
2025-10-30,SMAG7.SSI,30285.577900,5.000000
2025-10-30,SOL,0.362416,0.000000
2025-10-30,SOSO,265.674810,0.000000
2025-10-30,USDC,129733.920651,15403.759600
2025-10-31,BTC,0.002545,0.000000
2025-10-31,ETH,0.014600,0.000000
2025-10-31,MAG7.SSI,895.930781,0.000000
2025-10-31,SMAG7.SSI,66701.248200,26.156378
2025-10-31,SOL,0.040000,0.000000
2025-10-31,SOSO,10.000000,0.000000
2025-10-31,USDC,25274.613504,543.681699
2025-11-01,BNB,1.989834,0.000000
2025-11-01,ETH,0.056015,0.000000
2025-11-01,SMAG7.SSI,8016.421300,0.000000
2025-11-01,SOSO,1537.965350,0.000000
2025-11-01,USDC,8197.649781,820.626876
2025-11-02,ETH,0.048243,0.000000
2025-11-02,MAG7.SSI,273.614951,10.000000
2025-11-02,SMAG7.SSI,35.100000,0.000000
2025-11-02,SOSO,3.000000,0.000000
2025-11-02,USDC,18626.850547,376.194595
2025-11-02,XRP,21.613046,0.000000
2025-11-03,BNB,0.029434,0.000000
2025-11-03,ETH,0.202750,0.000000
2025-11-03,MAG7.SSI,9421.580181,0.000000
2025-11-03,SMAG7.SSI,72958.873200,0.000000
2025-11-03,SOSO,493.776257,0.000000
2025-11-03,USDC,26644.496269,500.700642
2025-11-04,BNB,0.009983,0.000000
2025-11-04,MAG7.SSI,20068.581663,5.569970
2025-11-04,SMAG7.SSI,257.013900,26.000000
2025-11-04,USDC,6542.035293,16773.905665
2025-11-05,BNB,0.005990,0.000000
2025-11-05,ETH,0.002000,0.002094
2025-11-05,MAG7.SSI,50.000000,15.000000
2025-11-05,SMAG7.SSI,361.936100,5.000000
2025-11-05,SOL,0.000000,0.189923
2025-11-05,SOSO,2.000000,0.000000
2025-11-05,USDC,2915.735396,176.971096
2025-11-05,XRP,31.066988,0.000000
2025-11-06,ADA,12.000000,45.000000
2025-11-06,BNB,0.029800,0.030000
2025-11-06,BTC,0.000200,0.000525
2025-11-06,DOGE,50.000000,0.000000
2025-11-06,ETH,0.004100,0.004100
2025-11-06,MAG7.SSI,143.182914,20.000000
2025-11-06,SMAG7.SSI,4613.036800,0.000000
2025-11-06,SOL,0.050000,0.000000
2025-11-06,SOSO,24.000037,0.000000
2025-11-06,USDC,781.881332,47.612118
2025-11-06,XRP,4.000000,22.800000
2025-11-07,BTC,0.002668,0.000000
2025-11-07,MAG7.SSI,482.079148,10.400000
2025-11-07,SMAG7.SSI,181879.520311,181824.409200
2025-11-07,SOSO,107.289030,0.000000
2025-11-07,USDC,4702.342760,503.461386
2025-11-08,BNB,0.023500,0.000000
2025-11-08,SMAG7.SSI,9590.834400,0.000000
2025-11-08,SOL,0.090000,1.681881
2025-11-08,SOSO,19.132736,0.000000
2025-11-08,USDC,569.998880,1199.844526
2025-11-09,ETH,0.100000,0.000000
2025-11-09,MAG7.SSI,1100.443448,0.000000
2025-11-09,SMAG7.SSI,1055.414700,0.000000
2025-11-09,SOL,0.122190,0.084966
2025-11-09,SOSO,11.000000,0.000000
2025-11-09,USDC,20845.883491,4976.000000
2025-11-10,BNB,0.025990,0.000000
2025-11-10,MAG7.SSI,40.000000,0.000000
2025-11-10,SMAG7.SSI,685.010200,5.000000
2025-11-10,SOL,0.000000,0.040000
2025-11-10,USDC,22932.107978,413.220428
2025-11-11,MAG7.SSI,14.938540,539.705492
2025-11-11,SMAG7.SSI,256.766900,0.000000
2025-11-11,SOSO,5.000000,0.000000
2025-11-11,USDC,2370.552095,390.475574
2025-11-12,BNB,0.051348,0.000000
2025-11-12,ETH,0.000000,0.002000
2025-11-12,MAG7.SSI,144.059981,0.000000
2025-11-12,SMAG7.SSI,6942.339336,0.000000
2025-11-12,SOSO,120.333479,0.000000
2025-11-12,USDC,5975.332542,70025.000000
2025-11-13,DOGE,362.688200,0.000000
2025-11-13,MAG7.SSI,41.083419,0.000000
2025-11-13,SOSO,1.110000,0.000000
2025-11-13,USDC,5980.006096,354.676034
2025-11-14,ETH,0.002200,0.002200
2025-11-14,SMAG7.SSI,2638.329100,0.000000
2025-11-14,SOL,0.599000,0.000000
2025-11-14,SOSO,2.720000,0.000000
2025-11-14,USDC,8079.870537,432.816214
2025-11-15,MAG7.SSI,342.192058,5.555555
2025-11-15,SMAG7.SSI,1570.117700,0.000000
2025-11-15,USDC,5139.671222,2239.746577
2025-11-16,BNB,0.000000,0.010992
2025-11-16,MAG7.SSI,324.160074,0.000000
2025-11-16,USDC,3047.800989,75.864247
2025-11-17,ETH,0.004800,0.000000
2025-11-17,MAG7.SSI,2770.383085,0.000000
2025-11-17,SMAG7.SSI,46.892000,0.000000
2025-11-17,SOL,0.000000,0.759468
2025-11-17,SOSO,139.662009,0.000000
2025-11-17,USDC,28606.183352,1787.101283
2025-11-17,XRP,6.800000,0.000000
2025-11-18,BNB,0.000000,0.010300
2025-11-18,MAG7.SSI,272.427520,15.000000
2025-11-18,SMAG7.SSI,175.806700,5.000000
2025-11-18,SOL,0.030000,0.000000
2025-11-18,USDC,1183.224664,422.133575
2025-11-18,XRP,15.000000,3.000000
2025-11-19,ETH,0.012000,0.000000
2025-11-19,MAG7.SSI,76.175604,0.000000
2025-11-19,SOL,0.100000,0.000000
2025-11-19,USDC,21371.987319,636.543861
2025-11-19,XRP,20.000000,17.892650
2025-11-20,MAG7.SSI,54.369664,44.669664
2025-11-20,SMAG7.SSI,12.064100,0.000000
2025-11-20,SOSO,20.000000,0.000000
2025-11-20,USDC,123073.816630,100159.605057
2025-11-21,BTC,0.003229,0.000000
2025-11-21,ETH,0.000000,2.440000
2025-11-21,MAG7.SSI,102658.848820,94643.871480
2025-11-21,SMAG7.SSI,30723.741600,0.000000
2025-11-21,SOL,0.080000,0.000000
2025-11-21,SOSO,1005.210088,0.000000
2025-11-21,USDC,88035.988461,64182.380265
2025-11-22,BNB,0.008109,0.008108
2025-11-22,MAG7.SSI,48993.658834,25996.290000
2025-11-22,SMAG7.SSI,163136.528500,0.000000
2025-11-22,SOL,0.000000,2.080542
2025-11-22,SOSO,6.126300,0.000000
2025-11-22,USDC,33323.219394,12162.490587
2025-11-23,BNB,0.000000,7.074044
2025-11-23,ETH,0.004230,0.004498
2025-11-23,MAG7.SSI,14370.956063,0.000000
2025-11-23,SMAG7.SSI,312495.995700,200.610200
2025-11-23,SOL,0.081009,0.000000
2025-11-23,USDC,16546.500000,5243.646765
2025-11-24,BNB,0.054910,0.055985
2025-11-24,MAG7.SSI,41568.924443,31514.101917
2025-11-24,PEPE,172.320000,0.000000
2025-11-24,SMAG7.SSI,111901.503800,4.000000
2025-11-24,SOL,0.270000,0.000000
2025-11-24,USDC,29089.483858,38511.760315
2025-11-25,MAG7.SSI,4473.121774,0.000000
2025-11-25,SMAG7.SSI,25777.281000,0.000000
2025-11-25,SOL,0.250000,0.055000
2025-11-25,SOSO,69.412485,0.000000
2025-11-25,USDC,3460.027739,111.274519
2025-11-26,ETH,0.011000,0.004000
2025-11-26,MAG7.SSI,1440.277802,6.008364
2025-11-26,SMAG7.SSI,3402.868311,0.000000
2025-11-26,SOSO,3.000000,0.000000
2025-11-26,USDC,26192.002734,206.284706
2025-11-27,BNB,3.314300,0.000000
2025-11-27,ETH,0.012455,0.000000
2025-11-27,MAG7.SSI,7436.474254,5.000000
2025-11-27,SMAG7.SSI,87038.604200,8.096311
2025-11-27,SOL,0.000000,0.820000
2025-11-27,SOSO,16.569830,0.000000
2025-11-27,USDC,3435.001011,5578.628535
2025-11-28,ADA,0.000000,22.835880
2025-11-28,ETH,0.002000,0.002000
2025-11-28,MAG7.SSI,36401.528837,0.000000
2025-11-28,SMAG7.SSI,1160.823500,0.000000
2025-11-28,SOSO,31.000000,0.000000
2025-11-28,USDC,2180.060204,27242.427520
2025-11-29,ETH,0.005710,0.000000
2025-11-29,MAG7.SSI,1521.447064,13649.600000
2025-11-29,SMAG7.SSI,10840.315800,819.279108
2025-11-29,SOL,0.069570,0.000000
2025-11-29,USDC,12745.779645,1415.025516
2025-11-30,MAG7.SSI,118.210638,5998.300000
2025-11-30,SMAG7.SSI,156.456600,6.000000
2025-11-30,SOL,0.550000,0.582081
2025-11-30,USDC,5212.211237,326.812956
2025-12-01,MAG7.SSI,307815.220654,219489.270000
2025-12-01,SMAG7.SSI,292063.688600,5.062271
2025-12-01,SOL,0.520000,0.069570
2025-12-01,SOSO,3.440000,0.000000
2025-12-01,USDC,162561.772178,72921.314374
2025-12-01,XRP,38.067171,0.000000
2025-12-02,BTC,0.000050,0.000000
2025-12-02,ETH,0.002000,0.000000
2025-12-02,MAG7.SSI,183995.094089,22494.350000
2025-12-02,SMAG7.SSI,6753.593900,1.012500
2025-12-02,SOL,0.107541,0.000000
2025-12-02,USDC,25535.072275,81916.455016
2025-12-03,ETH,0.332982,0.038390
2025-12-03,MAG7.SSI,10123.337862,3799.990000
2025-12-03,SMAG7.SSI,27044.657700,5.000000
2025-12-03,SOL,0.000000,0.343010
2025-12-03,SOSO,4.547411,0.000000
2025-12-03,USDC,2306.989133,7784.419707
2025-12-04,ADA,10.000000,0.000000
2025-12-04,BNB,0.016498,0.089904
2025-12-04,DOGE,30.000000,0.000000
2025-12-04,ETH,0.002000,0.313680
2025-12-04,MAG7.SSI,166.014840,0.000000
2025-12-04,SMAG7.SSI,7117.221800,507.866000
2025-12-04,SOL,0.000000,0.142610
2025-12-04,SOSO,1.910000,0.000000
2025-12-04,USDC,261.063628,136.336227
2025-12-04,XRP,4.000000,0.000000
2025-12-05,BNB,0.007400,0.000000
2025-12-05,MAG7.SSI,77587.686642,26564.163488
2025-12-05,SMAG7.SSI,232535.245200,0.000000
2025-12-05,SOL,0.150000,0.024492
2025-12-05,SOSO,1.106435,0.000000
2025-12-05,USDC,20026.405228,55111.080000
2025-12-05,XRP,33.797445,0.000000
2025-12-06,MAG7.SSI,534879.857792,0.000000
2025-12-06,SMAG7.SSI,7496.928100,26.543854
2025-12-06,SOL,0.250000,0.000000
2025-12-06,USDC,285.380598,58.662331
2025-12-07,BNB,0.000000,0.007692
2025-12-07,ETH,0.005977,0.032777
2025-12-07,MAG7.SSI,18286.058983,24254.736586
2025-12-07,SMAG7.SSI,19141.898100,0.000000
2025-12-07,SOL,0.000000,0.542241
2025-12-07,SOSO,8.798410,0.000000
2025-12-07,USDC,31155.535853,17776.914912
2025-12-08,BNB,0.005000,0.000000
2025-12-08,MAG7.SSI,13665.719301,103.092743
2025-12-08,SMAG7.SSI,35477.504813,110.453613
2025-12-08,SOL,0.501000,0.308183
2025-12-08,USDC,1159.384603,9325.658936
2025-12-09,BTC,0.000052,0.000000
2025-12-09,DOGE,176.568000,0.000000
2025-12-09,ETH,0.004500,0.000000
2025-12-09,MAG7.SSI,59159.663861,39537.700000
2025-12-09,SMAG7.SSI,7989.774500,0.000000
2025-12-09,SOL,0.250000,0.185869
2025-12-09,SOSO,27.472522,0.000000
2025-12-09,USDC,20970.772751,49299.378305
2025-12-09,XRP,0.000000,11.791740
2025-12-10,BNB,0.010000,0.010000
2025-12-10,ETH,0.003000,0.000000
2025-12-10,MAG7.SSI,9112.680942,5572.437682
2025-12-10,SMAG7.SSI,5154.789100,0.000000
2025-12-10,USDC,2899.929576,6468.625393
2025-12-11,BNB,0.095819,0.064242
2025-12-11,BTC,0.000130,0.000000
2025-12-11,DOGE,125.133826,31.000000
2025-12-11,ETH,0.004000,0.006026
2025-12-11,LINK,0.685143,1.484583
2025-12-11,MAG7.SSI,159.877926,10025.519928
2025-12-11,SMAG7.SSI,315.963300,9.995000
2025-12-11,SOL,0.542000,0.000000
2025-12-11,USDC,7461.492935,117.038455
2025-12-11,XRP,4.000000,7.000000
2025-12-12,ADA,20.125054,0.000000
2025-12-12,BNB,0.000000,0.020090
2025-12-12,DOGE,93.000000,0.000000
2025-12-12,MAG7.SSI,1444.942254,120.426647
2025-12-12,SMAG7.SSI,5.123131,10.246712
2025-12-12,SOSO,144.563229,0.000000
2025-12-12,USDC,248.396861,63.367731
2025-12-13,MAG7.SSI,5.000000,0.000000
2025-12-13,SMAG7.SSI,317.324600,0.000000
2025-12-13,SOL,0.130000,0.000000
2025-12-13,USDC,20802.660295,161.299624
2025-12-13,XRP,9.936330,0.000000
2025-12-14,BNB,0.015800,0.014790
2025-12-14,ETH,0.000000,0.032078
2025-12-14,MAG7.SSI,13567.866247,26081.124079
2025-12-14,SMAG7.SSI,51469.941100,0.000000
2025-12-14,USDC,20290.850753,10940.486193
2025-12-15,ADA,10.000000,10.000000
2025-12-15,BNB,0.051000,0.010000
2025-12-15,BTC,0.000050,0.000000
2025-12-15,DOGE,30.000000,30.000000
2025-12-15,ETH,0.102000,0.034578
2025-12-15,MAG7.SSI,35785.460765,92433.802200
2025-12-15,SMAG7.SSI,23894.658100,84.800020
2025-12-15,SOL,0.030000,0.030000
2025-12-15,SOSO,10.908580,0.000000
2025-12-15,USDC,70304.260323,29687.974058
2025-12-15,XRP,4.000000,2.000000
2025-12-16,BNB,0.000000,0.017987
2025-12-16,ETH,0.005000,0.000000
2025-12-16,MAG7.SSI,5.000000,5098.240000
2025-12-16,SMAG7.SSI,45000.872199,4006.489145
2025-12-16,SOSO,19.065350,0.000000
2025-12-16,USDC,3747.833719,351.804857
2025-12-17,ADA,10.000000,10.000000
2025-12-17,BNB,0.005000,0.081787
2025-12-17,CRCLX,0.356276,0.000000
2025-12-17,DOGE,30.000000,30.000000
2025-12-17,ETH,0.244908,0.000000
2025-12-17,MAG7.SSI,11389.134660,13009.640000
2025-12-17,SMAG7.SSI,6085.932600,3233.214679
2025-12-17,SOL,0.030000,0.030000
2025-12-17,SOSO,346.465598,0.000000
2025-12-17,USDC,19394.769254,349.983156
2025-12-17,XRP,14.222211,12.222211
2025-12-18,BNB,0.038512,0.014612
2025-12-18,ETH,0.000000,0.003695
2025-12-18,MAG7.SSI,5.000000,35013.664838
2025-12-18,SMAG7.SSI,7334.710800,0.000000
2025-12-18,SOL,0.035210,9.834705
2025-12-18,SOSO,1.000000,0.000000
2025-12-18,USDC,23975.158468,999.814317
2025-12-19,BNB,0.058677,0.000000
2025-12-19,ETH,0.007405,0.006746
2025-12-19,MAG7.SSI,7431.237036,110.375596
2025-12-19,SMAG7.SSI,50140.585349,51.451631
2025-12-19,SOL,0.000000,0.799440
2025-12-19,SOSO,5.000000,0.000000
2025-12-19,USDC,678.875675,6961.301611
2025-12-20,ETH,0.000000,0.053668
2025-12-20,MAG7.SSI,10.000000,0.000000
2025-12-20,SMAG7.SSI,3557.898000,0.000000
2025-12-20,SOSO,12.820000,0.000000
2025-12-20,USDC,30358.269711,276.907928
2025-12-21,BNB,0.028884,0.018272
2025-12-21,ETH,0.000000,0.002500
2025-12-21,SMAG7.SSI,48421.902200,0.000000
2025-12-21,USDC,2181.565282,9827.780204
2025-12-22,MAG7.SSI,3941.785559,54646.428062
2025-12-22,SMAG7.SSI,14891.296500,0.000000
2025-12-22,SOL,0.200000,0.000000
2025-12-22,SOSO,24.438431,0.000000
2025-12-22,USDC,2623.894453,2693.576376
2025-12-23,BNB,0.014330,0.000000
2025-12-23,CRCLX,0.000000,0.356276
2025-12-23,ETH,0.003817,0.024197
2025-12-23,MAG7.SSI,172.492997,6889.545677
2025-12-23,SMAG7.SSI,1135.948100,0.000000
2025-12-23,SOL,0.410000,0.482948
2025-12-23,SOSO,3.000000,0.000000
2025-12-23,USDC,2784.337632,32575.942998
2025-12-24,ADA,25.973200,0.000000
2025-12-24,BNB,0.012700,0.000000
2025-12-24,ETH,0.022220,0.033290
2025-12-24,MAG7.SSI,20.000000,810.174712
2025-12-24,SMAG7.SSI,325.280600,0.000000
2025-12-24,SOSO,190.347506,0.000000
2025-12-24,USDC,3119.448893,2425.489242
2025-12-24,XRP,0.000000,2.695280
2025-12-25,BNB,0.043297,0.023782
2025-12-25,ETH,0.000000,0.021000
2025-12-25,MAG7.SSI,301.045588,0.000000
2025-12-25,SMAG7.SSI,2131.428900,11.000000
2025-12-25,SOL,0.000000,0.050000
2025-12-25,SOSO,2.000000,0.000000
2025-12-25,USDC,1813.424263,63.969506
2025-12-26,AAVE,0.086425,0.030945
2025-12-26,BNB,0.012400,0.011392
2025-12-26,ETH,0.000000,0.003817
2025-12-26,HYPE,0.599100,0.000000
2025-12-26,LTC,0.206771,0.000000
2025-12-26,SMAG7.SSI,84.700300,0.000000
2025-12-26,SOSO,51.000000,0.000000
2025-12-26,UNI,2.285671,1.138462
2025-12-26,USDC,1087.782084,1122.746528
2025-12-26,XAUT,0.007748,0.002915
2025-12-27,BNB,0.012270,0.019032
2025-12-27,MAG7.SSI,7.000000,4507.250000
2025-12-27,SMAG7.SSI,1483.999100,0.000000
2025-12-27,SOSO,2932.892800,0.000000
2025-12-27,USDC,4611.842060,11139.894069
2025-12-28,BNB,0.032713,0.000000
2025-12-28,MAG7.SSI,162.285000,0.000000
2025-12-28,SMAG7.SSI,2309.366900,5.000000
2025-12-28,SOL,0.030295,0.000000
2025-12-28,SOSO,88.364530,0.000000
2025-12-28,USDC,3556.754496,1140.691779
2025-12-28,XRP,6.891733,0.000000
2025-12-29,AAVE,65.970966,0.000000
2025-12-29,BNB,0.022386,0.014193
2025-12-29,ETH,0.005000,0.000000
2025-12-29,HYPE,387.061145,0.000000
2025-12-29,LTC,125.999800,0.000000
2025-12-29,MAG7.SSI,8848.650797,1.000000
2025-12-29,SMAG7.SSI,210.605900,2000.000000
2025-12-29,SOL,0.000000,0.412369
2025-12-29,SOSO,16.673800,0.000000
2025-12-29,UNI,1617.550000,0.000000
2025-12-29,USDC,3227.530063,60849.412355
2025-12-29,XAUT,2.219000,0.000000
2025-12-30,AAVE,0.000000,0.145897
2025-12-30,BNB,0.125990,0.000000
2025-12-30,BTC,0.000080,0.000000
2025-12-30,ETH,0.140585,0.055036
2025-12-30,HYPE,0.000000,0.599100
2025-12-30,LTC,0.000000,0.122913
2025-12-30,MAG7.SSI,0.000000,7778.470000
2025-12-30,SMAG7.SSI,45.361900,1124.343816
2025-12-30,SOL,0.431000,0.216324
2025-12-30,SOSO,12.894510,0.000000
2025-12-30,UNI,0.000000,3.437592
2025-12-30,USDC,8926.824540,158939.816554
2025-12-30,XAUT,0.000000,0.004833
2025-12-31,BNB,0.415000,0.015000
2025-12-31,ETH,0.200757,0.000000
2025-12-31,MAG7.SSI,15.031200,17189.767837
2025-12-31,SMAG7.SSI,7056.144900,0.000000
2025-12-31,SOL,0.275000,0.406141
2025-12-31,SOSO,204.179755,0.000000
2025-12-31,USDC,9054.356947,18718.802688
2026-01-01,ETH,0.381262,0.001598
2026-01-01,HYPE,15.316283,0.000000
2026-01-01,MAG7.SSI,12.004700,0.000000
2026-01-01,SMAG7.SSI,9328.161900,0.000000
2026-01-01,SOL,5.804600,5.101542
2026-01-01,SOSO,39.130333,0.000000
2026-01-01,USDC,24693.813765,2859.495157
2026-01-01,XRP,4.000000,0.000000
2026-01-02,BNB,0.193080,0.120962
2026-01-02,ETH,84.987362,0.001798
2026-01-02,MAG7.SSI,18.150200,0.000000
2026-01-02,SMAG7.SSI,10003.799500,0.000000
2026-01-02,SOL,2.796683,2.667940
2026-01-02,SOSO,1060.802895,0.000000
2026-01-02,USDC,32675.909202,12546.831065
2026-01-03,BNB,0.000000,0.004996
2026-01-03,ETH,83.294192,0.005200
2026-01-03,LTC,0.615747,0.000000
2026-01-03,MAG7.SSI,1455.275259,0.000000
2026-01-03,SMAG7.SSI,2784.868000,0.000000
2026-01-03,SOL,0.838530,0.304008
2026-01-03,SOSO,3.000000,0.000000
2026-01-03,USDC,11368.350652,261493.230238
2026-01-04,BNB,0.131342,0.000000
2026-01-04,DOGE,494.533000,0.000000
2026-01-04,ETH,0.080897,0.012691
2026-01-04,MAG7.SSI,257.023114,90.000000
2026-01-04,SMAG7.SSI,7784.513700,6879.206325
2026-01-04,SOL,0.300000,0.542268
2026-01-04,SOSO,89.110000,0.000000
2026-01-04,UNI,10.811011,0.000000
2026-01-04,USDC,20199.368011,21915.040182
2026-01-05,BNB,0.031564,0.184349
2026-01-05,ETH,0.053193,0.015738
2026-01-05,MAG7.SSI,53144.915828,28044.245700
2026-01-05,SMAG7.SSI,630.164000,0.000000
2026-01-05,SOL,0.489333,0.188991
2026-01-05,SOSO,11.099800,0.000000
2026-01-05,UNI,0.000000,10.811011
2026-01-05,USDC,27679.232790,37049.436792
2026-01-06,ETH,75.835938,10.019955
2026-01-06,MAG7.SSI,12656.272150,4983.671439
2026-01-06,SMAG7.SSI,3218096.712900,1126.214077
2026-01-06,SOL,0.388689,0.438713
2026-01-06,SOSO,352.209116,0.000000
2026-01-06,USDC,14875.473056,270598.198460
2026-01-07,BNB,0.027271,0.000992
2026-01-07,ETH,114.554124,0.025098
2026-01-07,MAG7.SSI,48.118800,90.255400
2026-01-07,SMAG7.SSI,194.550500,0.000000
2026-01-07,SOL,0.335430,0.000000
2026-01-07,SOSO,38.586690,0.000000
2026-01-07,USDC,24519.729779,435958.484836
2026-01-08,BNB,0.000000,0.015737
2026-01-08,ETH,1.029400,53.478570
2026-01-08,MAG7.SSI,5340.733367,32522.255100
2026-01-08,SMAG7.SSI,10569965.638400,10.000000
2026-01-08,SOSO,34.085866,0.000000
2026-01-08,USDC,302282.437106,330118.057565
2026-01-08,XAUT,0.000000,8.000000
2026-01-09,BNB,0.016389,0.060975
2026-01-09,ETH,0.002491,0.021124
2026-01-09,MAG7.SSI,1091.485700,3035.030000
2026-01-09,SMAG7.SSI,5983.118200,15.870499
2026-01-09,SOL,0.324018,0.000000
2026-01-09,SOSO,40.000000,0.000000
2026-01-09,USDC,20333.843190,5815.895319
2026-01-10,BNB,0.041403,0.000000
2026-01-10,ETH,0.020051,0.010298
2026-01-10,MAG7.SSI,78.996200,0.000000
2026-01-10,SMAG7.SSI,323.865000,0.000000
2026-01-10,SOL,0.070000,0.000000
2026-01-10,SOSO,40.604720,0.000000
2026-01-10,USDC,7994.201895,2732.348263
2026-01-11,ETH,0.112190,0.053647
2026-01-11,MAG7.SSI,33.833717,6001.450000
2026-01-11,SMAG7.SSI,854.694100,2.914166
2026-01-11,SOL,0.100000,0.000000
2026-01-11,SOSO,17.280000,0.000000
2026-01-11,USDC,26913.368637,9180.857674
2026-01-12,AAVE,0.011967,0.000000
2026-01-12,ARB,48.370261,0.000000
2026-01-12,AVAXC,0.393200,0.000000
2026-01-12,BNB,0.012100,0.007289
2026-01-12,ETH,0.210146,0.021962
2026-01-12,MAG7.SSI,5218.497274,9051.940000
2026-01-12,SHIB,587471.913134,587471.913133
2026-01-12,SMAG7.SSI,558.788900,1458.859336
2026-01-12,SOSO,10.240000,0.000000
2026-01-12,USDC,14278.559078,9408.716896
2026-01-13,ARB,49263.673540,162.391564
2026-01-13,AVAXC,734.555000,0.393200
2026-01-13,BNB,0.000000,0.014928
2026-01-13,ETH,5.268007,0.013726
2026-01-13,MAG7.SSI,96.375400,19.980200
2026-01-13,PEPE,1735652133.352200,922689.018800
2026-01-13,SHIB,1171429542.734500,0.000000
2026-01-13,SMAG7.SSI,196.440200,6.435300
2026-01-13,SOL,0.314960,0.000000
2026-01-13,SOSO,19.227960,0.000000
2026-01-13,USDC,15383.662382,70096.168484
2026-01-14,ARB,26.000000,25.000000
2026-01-14,AVAXC,0.360000,0.749720
2026-01-14,BNB,0.000000,0.011293
2026-01-14,ETH,0.015000,0.003794
2026-01-14,MAG7.SSI,5.000000,2.000000
2026-01-14,PEPE,750000.000000,750000.000000
2026-01-14,SHIB,500000.000000,500000.000000
2026-01-14,SMAG7.SSI,980.594500,5.000000
2026-01-14,SOL,0.422165,0.000000
2026-01-14,SOSO,89.213000,0.000000
2026-01-14,USDC,11769.168425,9606.675960
2026-01-15,BNB,0.010250,0.017158
2026-01-15,ETH,0.100324,0.142197
2026-01-15,HYPE,0.000000,0.100000
2026-01-15,MAG7.SSI,75.444768,12.600000
2026-01-15,SMAG7.SSI,704.606700,0.000000
2026-01-15,SOL,0.030597,0.030597
2026-01-15,SOSO,10.135800,0.000000
2026-01-15,USDC,13631.276235,8192.329612
2026-01-16,BNB,0.098772,0.005985
2026-01-16,DOGE,30.000000,0.000000
2026-01-16,ETH,0.752502,0.115825
2026-01-16,MAG7.SSI,106.488320,29.566620
2026-01-16,SMAG7.SSI,306.839964,39.568218
2026-01-16,SOSO,55373.740200,0.000000
2026-01-16,SUI,6.779136,0.000000
2026-01-16,TON,7.066000,0.000000
2026-01-16,USDC,13274.719008,38039.025385
2026-01-16,XLM,25.480000,0.000000
2026-01-17,ARB,32.184540,32.184540
2026-01-17,BNB,0.902000,0.026980
2026-01-17,ETH,4.552260,4.459037
2026-01-17,MAG7.SSI,312.727727,8890.786300
2026-01-17,SMAG7.SSI,560.590000,37.445500
2026-01-17,SOSO,6331.830000,0.000000
2026-01-17,USDC,5260.848141,22336.312161
2026-01-18,BNB,0.012654,0.000000
2026-01-18,ETH,0.504448,0.413695
2026-01-18,MAG7.SSI,5082.615915,0.000000
2026-01-18,SMAG7.SSI,2993.016800,2981.807535
2026-01-18,SOL,0.035495,0.035495
2026-01-18,SOSO,321.000000,0.000000
2026-01-18,UNI,17.542540,0.000000
2026-01-18,USDC,5919.850371,14321.036237
2026-01-19,AVAXC,0.000000,0.499800
2026-01-19,BNB,0.163714,0.000000
2026-01-19,ETH,0.040388,0.000000
2026-01-19,MAG7.SSI,274.533714,259.991829
2026-01-19,SMAG7.SSI,148.736000,52.713216
2026-01-19,SOL,0.138189,0.092570
2026-01-19,SOSO,18.090000,0.000000
2026-01-19,TON,3.986000,0.000000
2026-01-19,USDC,17060.461978,17570.765378
2026-01-20,BNB,0.011718,0.005290
2026-01-20,ETH,0.061702,0.003197
2026-01-20,MAG7.SSI,28.048430,32941.765300
2026-01-20,SMAG7.SSI,4729823.720400,0.000000
2026-01-20,SOL,1.443673,0.814176
2026-01-20,SOSO,15.675961,0.000000
2026-01-20,SUI,6553.566736,0.000000
2026-01-20,TON,6372.715912,0.000000
2026-01-20,USDC,41789.979335,39177.585536
2026-01-20,XLM,47205.476620,0.000000
2026-01-21,DOGE,82.560960,0.000000
2026-01-21,ETH,0.020944,0.150219
2026-01-21,MAG7.SSI,21976.760236,21755.770258
2026-01-21,SMAG7.SSI,434.130900,261.061200
2026-01-21,SOSO,1.345485,0.000000
2026-01-21,SUI,0.000000,4.699136
2026-01-21,TON,0.000000,3.000000
2026-01-21,USDC,7765.128484,20717.113988
2026-01-21,XLM,161.302000,261.382000
2026-01-22,ARB,56.150690,0.000000
2026-01-22,BNB,0.005976,0.000000
2026-01-22,DOGE,148.377442,0.000000
2026-01-22,ETH,0.050000,0.000000
2026-01-22,MAG7.SSI,203.796300,973.513400
2026-01-22,SMAG7.SSI,210.134000,1.000000
2026-01-22,SOL,0.077376,0.000000
2026-01-22,SOSO,125.545000,0.000000
2026-01-22,USDC,10139.331672,10022.642240
2026-01-23,BNB,0.000000,0.005050
2026-01-23,ETH,0.026692,0.000000
2026-01-23,MAG7.SSI,0.000000,30.278790
2026-01-23,SMAG7.SSI,656.722900,34.852961
2026-01-23,SOL,0.175000,0.000000
2026-01-23,SOSO,259.230200,0.000000
2026-01-23,USDC,3198.589943,3549.722164
2026-01-24,BNB,0.117200,0.000000
2026-01-24,DOGE,0.000000,35.158300
2026-01-24,ETH,0.005460,0.013585
2026-01-24,MAG7.SSI,43.008967,10.222046
2026-01-24,SMAG7.SSI,1326.202000,0.000000
2026-01-24,SOL,0.175000,0.134909
2026-01-24,SOSO,14.000000,0.000000
2026-01-24,USDC,5899.807516,823.026253
2026-01-25,BNB,0.218536,0.024113
2026-01-25,ETH,0.023134,0.010792
2026-01-25,LTC,0.087200,0.000000
2026-01-25,MAG7.SSI,1491.097220,26.429955
2026-01-25,SMAG7.SSI,571.778000,0.000000
2026-01-25,SOL,0.303755,0.259873
2026-01-25,SOSO,178.216900,0.000000
2026-01-25,TON,17.938430,0.000000
2026-01-25,USDC,2530.571086,11188.918363
2026-01-26,BNB,2.613090,0.000000
2026-01-26,DOGE,0.000000,342.862800
2026-01-26,ETH,0.667226,0.000000
2026-01-26,MAG7.SSI,218.942526,14.197648
2026-01-26,SMAG7.SSI,7210850.487600,9675.872484
2026-01-26,SOL,0.000000,0.069410
2026-01-26,SOSO,221.947000,0.000000
2026-01-26,USDC,7869.589671,13967.639230
2026-01-26,XLM,0.000000,111.904800
2026-01-26,XRP,4.000000,0.000000
2026-01-27,BNB,0.011890,0.000000
2026-01-27,ETH,0.032315,0.003875
2026-01-27,MAG7.SSI,410.752800,17.092400
2026-01-27,SMAG7.SSI,290.805800,6.000036
2026-01-27,SOL,0.195626,0.000000
2026-01-27,SOSO,78.165720,0.000000
2026-01-27,USDC,1774.216216,425.533277
2026-01-28,ETH,0.046670,0.000000
2026-01-28,MAG7.SSI,24.467900,221671.266489
2026-01-28,SMAG7.SSI,125.030644,12.957044
2026-01-28,SOSO,459.224830,0.000000
2026-01-28,TON,22.118261,18.885037
2026-01-28,USDC,3313.104461,4025.553950
2026-01-28,XLM,0.000000,96.915300
2026-01-28,XRP,4.000000,4.000000
2026-01-29,BNB,0.020000,0.000000
2026-01-29,ETH,0.091557,0.061674
2026-01-29,LINK,1.499135,0.000000
2026-01-29,MAG7.SSI,30.845775,16.982800
2026-01-29,SMAG7.SSI,13941.502000,37.416421
2026-01-29,SOL,0.130000,0.000000
2026-01-29,SOSO,24.660000,0.000000
2026-01-29,SUI,118.450935,119.950560
2026-01-29,TON,18.340270,17.058320
2026-01-29,USDC,6759.245858,8838.386787
2026-01-29,XLM,0.000000,119.867400
2026-01-30,BNB,2.155492,0.532403
2026-01-30,ETH,0.034100,0.006186
2026-01-30,LTC,0.310106,0.000000
2026-01-30,MAG7.SSI,17.865900,250.276785
2026-01-30,SMAG7.SSI,567.002400,0.000000
2026-01-30,SOL,0.055957,0.000000
2026-01-30,SOSO,114.600000,0.000000
2026-01-30,TON,70.509220,0.000000
2026-01-30,USDC,202049.631741,914.778026
2026-01-31,ARB,2445.986538,2457.616560
2026-01-31,BNB,0.050453,0.190913
2026-01-31,ETH,0.031294,0.037088
2026-01-31,MAG7.SSI,895.715137,11.096381
2026-01-31,PEPE,0.000000,750000.000000
2026-01-31,SMAG7.SSI,2353.199600,0.000000
2026-01-31,SOL,2.579490,0.250289
2026-01-31,SOSO,57.350000,0.000000
2026-01-31,SUI,38.661400,0.000000
2026-01-31,TON,32.934690,16.946412
2026-01-31,USDC,37740.428900,20767.806527
2026-02-01,ARB,487.904250,0.000000
2026-02-01,BNB,0.402142,0.035843
2026-02-01,DOGE,209.831470,0.000000
2026-02-01,ETH,0.632644,0.308721
2026-02-01,MAG7.SSI,14087.962335,278.162793
2026-02-01,SMAG7.SSI,15922485.187400,143.427927
2026-02-01,SOL,2.251979,0.300000
2026-02-01,SOSO,166.982617,0.000000
2026-02-01,SUI,97.194389,0.000000
2026-02-01,TON,4.000000,0.000000
2026-02-01,USDC,38225.039250,9333.298803
2026-02-02,ADA,100.000000,0.000000
2026-02-02,ARB,66.339469,0.000000
2026-02-02,BNB,5.298573,3.585396
2026-02-02,DOGE,410.376282,43.652857
2026-02-02,ETH,2.570064,0.676696
2026-02-02,HYPE,0.532578,0.000000
2026-02-02,LINK,0.000000,27.155060
2026-02-02,MAG7.SSI,12782.750275,1478.007855
2026-02-02,SMAG7.SSI,23119004.410600,100.625704
2026-02-02,SOL,12.777338,8.031714
2026-02-02,SOSO,278.363278,0.000000
2026-02-02,SUI,191.707293,14.692510
2026-02-02,TON,103.024070,0.000000
2026-02-02,USDC,146576.434463,24329.296334
2026-02-02,XLM,0.000000,252.473400
2026-02-02,XRP,89.425681,0.000000
2026-02-03,BNB,0.570833,0.083617
2026-02-03,BTC,0.000987,0.000000
2026-02-03,ETH,1.191305,0.285709
2026-02-03,HYPE,1.500000,1.000000
2026-02-03,LINK,0.510000,0.000000
2026-02-03,MAG7.SSI,1038.227180,1314.297060
2026-02-03,SMAG7.SSI,1967.931900,51.966181
2026-02-03,SOL,5.099083,1.372696
2026-02-03,SOSO,909.672121,0.000000
2026-02-03,SUI,134.081076,0.000000
2026-02-03,TON,83.595310,0.000000
2026-02-03,USDC,88533.057785,45751.000250
2026-02-03,XLM,0.000000,202.872900
2026-02-03,XRP,79.800000,0.000000
2026-02-04,ADA,59.370949,0.000000
2026-02-04,ARB,183.572022,570.171840
2026-02-04,BNB,3.434563,0.988402
2026-02-04,BTC,0.020487,0.000000
2026-02-04,DOGE,79.345087,0.000000
2026-02-04,ETH,4.622982,1.200048
2026-02-04,HYPE,0.930000,0.000000
2026-02-04,LTC,0.436802,0.000000
2026-02-04,MAG7.SSI,15699.427587,13659.124005
2026-02-04,PEPE,1128652.948377,0.000000
2026-02-04,SMAG7.SSI,7354646.458499,75911.491738
2026-02-04,SOL,9.235126,1.573330
2026-02-04,SOSO,3028.666069,0.000000
2026-02-04,SUI,78.994469,28.371403
2026-02-04,TON,91.327591,21.556916
2026-02-04,USDC,335768.300209,79288.271492
2026-02-04,XLM,716.617100,1771.817500
2026-02-04,XRP,30.700000,0.000000
2026-02-05,ADA,185.207000,69.207000
2026-02-05,ARB,565.453500,354.648990
2026-02-05,AVAXC,2.176000,1.335069
2026-02-05,BNB,4.329652,1.406803
2026-02-05,BTC,0.001789,0.000559
2026-02-05,DOGE,2369.021528,784.302100
2026-02-05,ETH,5.356414,1.302989
2026-02-05,HYPE,3.460000,0.000000
2026-02-05,LINK,6.826000,0.000000
2026-02-05,LTC,1.535875,0.894187
2026-02-05,MAG7.SSI,524358.180634,37286.779282
2026-02-05,PEPE,835840.000000,0.000000
2026-02-05,SHIB,595349.078926,0.000000
2026-02-05,SMAG7.SSI,17711.275793,1050.580694
2026-02-05,SOL,36.343983,7.535009
2026-02-05,SOSO,2288.311351,0.000000
2026-02-05,SUI,155.794546,45.794903
2026-02-05,TON,142.209043,56.270390
2026-02-05,USDC,486512.273208,336595.147803
2026-02-05,XLM,16227.064000,16667.461000
2026-02-05,XRP,56.043131,17.000000
2026-02-06,ARB,351.093413,1658.699640
2026-02-06,AVAXC,2.000000,1.409013
2026-02-06,BNB,2.282553,1.009385
2026-02-06,BTC,0.001844,0.000000
2026-02-06,ETH,4.807362,1.863535
2026-02-06,HYPE,1.300000,0.000000
2026-02-06,LTC,0.358800,0.000000
2026-02-06,MAG7.SSI,260920.824602,26602.432715
2026-02-06,PEPE,10643872.045527,0.000000
2026-02-06,SMAG7.SSI,30909.037800,355.349204
2026-02-06,SOL,24.367603,9.012275
2026-02-06,SOSO,748.839398,0.000000
2026-02-06,SUI,87.367934,6.495450
2026-02-06,TON,155.610920,173.805789
2026-02-06,USDC,271459.948200,257459.420610
2026-02-06,XLM,21415.330293,20807.873800
2026-02-06,XRP,144.795835,0.000000
2026-02-07,ARB,150.000000,0.000000
2026-02-07,AVAXC,28.561588,7.987394
2026-02-07,BNB,2.182665,0.959972
2026-02-07,BTC,0.003802,0.000000
2026-02-07,DOGE,557.584571,0.000000
2026-02-07,ETH,7.211012,2.856207
2026-02-07,HYPE,2.300000,0.000000
2026-02-07,MAG7.SSI,20509.224676,19176.500006
2026-02-07,SHIB,7754739.652452,0.000000
2026-02-07,SMAG7.SSI,39364.193381,771.764717
2026-02-07,SOL,12.207110,11.734923
2026-02-07,SOSO,1770.484097,0.000000
2026-02-07,SUI,129.323969,78.310938
2026-02-07,TON,10.000000,14.284032
2026-02-07,USDC,162157.197004,86713.039745
2026-02-07,XRP,29.987910,0.000000
2026-02-08,ADA,68.400000,56.000000
2026-02-08,ARB,178.130000,130.000000
2026-02-08,BNB,1.413445,0.814895
2026-02-08,BTC,0.000681,0.000000
2026-02-08,DOGE,482.659490,0.000000
2026-02-08,ETH,2.491682,0.872072
2026-02-08,HYPE,1.000000,0.000000
2026-02-08,MAG7.SSI,315666.891158,17371.844492
2026-02-08,PEPE,1140178.530000,0.000000
2026-02-08,SMAG7.SSI,14344.774813,550.393923
2026-02-08,SOL,6.343172,2.774497
2026-02-08,SOSO,1729.738646,0.000000
2026-02-08,SUI,172.950417,136.053620
2026-02-08,TON,37.509471,21.040291
2026-02-08,USDC,238025.564346,265626.837582
2026-02-08,XLM,1184.445587,0.000000
2026-02-08,XRP,66.000000,3.197760
2026-02-09,ARB,1969.677604,0.000000
2026-02-09,AVAXC,1.413059,1.402307
2026-02-09,BNB,1.383473,0.545374
2026-02-09,BTC,0.000800,0.000500
2026-02-09,DOGE,255.282683,268.412682
2026-02-09,ETH,3.491892,0.466537
2026-02-09,HYPE,0.700000,0.000000
2026-02-09,MAG7.SSI,21379.590264,13905.253372
2026-02-09,SMAG7.SSI,7698.096100,0.000000
2026-02-09,SOL,5.773080,0.946638
2026-02-09,SOSO,736.061704,0.000000
2026-02-09,SUI,244.000000,31.877670
2026-02-09,TON,16.500000,0.000000
2026-02-09,USDC,139896.408938,82905.601168
2026-02-09,XLM,96.800000,95.800000
2026-02-10,ARB,762.656359,0.000000
2026-02-10,AVAXC,11.097784,0.000000
2026-02-10,BNB,2.009819,0.781324
2026-02-10,BTC,0.002786,0.000000
2026-02-10,DOGE,1536.238845,129.470800
2026-02-10,ETH,2.285165,2.183648
2026-02-10,HYPE,0.100000,0.000000
2026-02-10,MAG7.SSI,32438.848967,18571.016336
2026-02-10,SMAG7.SSI,12249.704200,184.079288
2026-02-10,SOL,5.542702,1.383019
2026-02-10,SOSO,2539.833696,0.000000
2026-02-10,SUI,202.713062,0.000000
2026-02-10,TON,29.932168,0.000000
2026-02-10,USDC,108981.155609,42864.926593
2026-02-10,XRP,50.000000,0.000000
2026-02-11,ARB,1099.090000,0.000000
2026-02-11,AVAXC,0.916000,0.000000
2026-02-11,BNB,1.220712,0.133732
2026-02-11,BTC,0.000640,0.000000
2026-02-11,DOGE,103.982100,115.982100
2026-02-11,ETH,5.630550,0.580133
2026-02-11,HYPE,0.600000,0.000000
2026-02-11,MAG7.SSI,114510.932392,2164.849653
2026-02-11,SMAG7.SSI,7476.727100,593.225396
2026-02-11,SOL,23.716387,16.497673
2026-02-11,SOSO,477.667056,0.000000
2026-02-11,SUI,164.602209,24.673470
2026-02-11,TON,51.032046,11.000000
2026-02-11,USDC,140606.247665,120674.378542
2026-02-12,ARB,110.182895,0.000000
2026-02-12,BNB,1.483701,0.237714
2026-02-12,BTC,0.003156,0.002887
2026-02-12,DOGE,394.545401,0.000000
2026-02-12,ETH,2.711194,0.903217
2026-02-12,HYPE,0.540000,0.000000
2026-02-12,LTC,0.050400,0.050400
2026-02-12,MAG7.SSI,7737.423701,1703.571865
2026-02-12,SMAG7.SSI,3827.668400,715.372970
2026-02-12,SOL,21.499795,4.889172
2026-02-12,SOSO,3000677.841533,0.000000
2026-02-12,SUI,132.776386,7.089880
2026-02-12,TON,146.350000,27.054588
2026-02-12,USDC,1337981.463273,307737.609765
2026-02-12,XAUT,0.000000,0.010292
2026-02-12,XRP,0.000000,24.196120
2026-02-13,AVAXC,54.997677,54.417677
2026-02-13,BNB,1.966164,1.452987
2026-02-13,DOGE,1064.190000,318.936200
2026-02-13,ETH,3.684076,1.558757
2026-02-13,HYPE,0.460000,2.949410
2026-02-13,LINK,0.000000,1.496320
2026-02-13,LTC,0.524900,0.000000
2026-02-13,MAG7.SSI,119065.413678,11374.501347
2026-02-13,SHIB,3994694.060000,0.000000
2026-02-13,SMAG7.SSI,9352749.987064,865.150600
2026-02-13,SOL,24.696200,16.964930
2026-02-13,SOSO,1307460.757777,0.000000
2026-02-13,SUI,142.948180,0.000000
2026-02-13,TON,143.715666,724.812032
2026-02-13,USDC,3333936.684616,550094.674193
2026-02-13,XLM,0.000000,78.984200
2026-02-13,XRP,0.000000,13.500000
2026-02-14,ADA,56.626516,29.220676
2026-02-14,ARB,563.749837,0.000000
2026-02-14,BNB,0.640366,0.291653
2026-02-14,BTC,0.001106,0.000000
2026-02-14,DOGE,172.897271,276.879371
2026-02-14,ETH,0.924930,1.650986
2026-02-14,HYPE,0.000000,0.139902
2026-02-14,LTC,1.182228,0.379000
2026-02-14,MAG7.SSI,9764.729013,4245.891141
2026-02-14,SMAG7.SSI,7470.817200,239.832754
2026-02-14,SOL,4.923464,7.358414
2026-02-14,SOSO,2086.056325,0.000000
2026-02-14,SUI,50.910527,3.000000
2026-02-14,TON,72.973092,35.545582
2026-02-14,USDC,422350.538704,155494.463244
2026-02-14,XLM,114.995000,62.807700
2026-02-14,XRP,12.000000,0.000000
2026-02-15,ARB,5612.476400,0.000000
2026-02-15,BNB,0.285278,0.322354
2026-02-15,BTC,0.000550,0.000500
2026-02-15,ETH,1.010954,0.360376
2026-02-15,MAG7.SSI,10203.807350,2505.975909
2026-02-15,SMAG7.SSI,7533.436300,2628.092511
2026-02-15,SOL,3.843966,5.804753
2026-02-15,SOSO,804.542123,0.000000
2026-02-15,SUI,28.300000,0.000000
2026-02-15,TON,50.439700,13.686198
2026-02-15,USDC,105212.728544,101458.170204
2026-02-16,ADA,56.612500,0.000000
2026-02-16,ARB,140.000000,0.000000
2026-02-16,AVAXC,0.802790,0.000000
2026-02-16,BNB,1.397479,0.210754
2026-02-16,BTC,0.000254,0.000000
2026-02-16,DOGE,156.000000,176.000000
2026-02-16,ETH,1.141681,0.342257
2026-02-16,HYPE,0.000000,0.309878
2026-02-16,LINK,0.000000,3.193460
2026-02-16,MAG7.SSI,318116.874616,5909.742754
2026-02-16,SMAG7.SSI,3422.217671,529.866716
2026-02-16,SOL,4.044670,1.806825
2026-02-16,SOSO,1530.276293,0.000000
2026-02-16,SUI,16.744496,0.000000
2026-02-16,TON,35.324765,6.000000
2026-02-16,USDC,261595.922945,249880.740435
2026-02-16,XLM,0.000000,118.517200
2026-02-16,XRP,124.413960,0.000000
2026-02-17,ARB,300.000200,0.000000
2026-02-17,AVAXC,53.912803,0.000000
2026-02-17,BNB,1.499902,0.902798
2026-02-17,BTC,0.000476,0.147766
2026-02-17,ETH,0.939774,0.373211
2026-02-17,LTC,0.200000,0.454954
2026-02-17,MAG7.SSI,4646.517719,2157.913305
2026-02-17,PEPE,3724633.420000,0.000000
2026-02-17,SMAG7.SSI,1264.668450,922.852688
2026-02-17,SOL,1.741350,0.188405
2026-02-17,SOSO,629.225582,0.000000
2026-02-17,SUI,9.226040,0.000000
2026-02-17,TON,14.000000,0.000000
2026-02-17,USDC,163043.564788,171976.908197
2026-02-18,ARB,522.897494,0.000000
2026-02-18,AVAXC,0.000000,46.442442
2026-02-18,BNB,0.328291,0.177003
2026-02-18,BTC,0.000640,0.000000
2026-02-18,DOGE,1000.000000,0.000000
2026-02-18,ETH,1.481056,0.922736
2026-02-18,LTC,0.300599,1.727830
2026-02-18,MAG7.SSI,14518.635261,5030.688467
2026-02-18,PEPE,0.000000,2988049.939600
2026-02-18,SMAG7.SSI,2353.866985,76.341657
2026-02-18,SOL,2.456162,1.972504
2026-02-18,SOSO,1813.628198,0.000000
2026-02-18,TON,24.000000,20.655868
2026-02-18,USDC,172623.397293,171017.219071
2026-02-18,XAUT,0.077622,0.077622
2026-02-18,XRP,0.000000,21.390470
2026-02-19,BNB,0.132179,0.224885
2026-02-19,BTC,0.000981,0.000000
2026-02-19,DOGE,0.000000,1966.561000
2026-02-19,ETH,1.968483,1.674645
2026-02-19,MAG7.SSI,8565.608498,17012.745589
2026-02-19,SMAG7.SSI,3266.815227,1327.498081
2026-02-19,SOL,2.834393,11.598464
2026-02-19,SOSO,282.061571,0.000000
2026-02-19,SUI,212.099440,0.000000
2026-02-19,TON,17.000000,40.494272
2026-02-19,USDC,261196.540485,264006.546292
2026-02-19,XAUT,0.000000,0.003697
2026-02-19,XLM,124.683600,131.973600
2026-02-20,ARB,170.300000,0.000000
2026-02-20,BNB,1.097882,0.233626
2026-02-20,BTC,0.002300,0.000000
2026-02-20,DOGE,0.000000,1086.981250
2026-02-20,ETH,2.408867,2.295193
2026-02-20,MAG7.SSI,18974.000985,18529.407137
2026-02-20,SMAG7.SSI,857.160125,1019.457697
2026-02-20,SOL,13.567575,7.930665
2026-02-20,SOSO,1112.013871,0.000000
2026-02-20,SUI,0.000000,3.833635
2026-02-20,TON,53.276516,11.757060
2026-02-20,USDC,223560.310921,208245.965010
2026-02-20,XRP,0.000000,10.197450
2026-02-21,AVAXC,0.659506,0.000000
2026-02-21,BNB,0.529731,0.098801
2026-02-21,BTC,0.002475,0.000985
2026-02-21,ETH,2.089140,1.687247
2026-02-21,HYPE,0.121762,0.000000
2026-02-21,MAG7.SSI,14896.963120,18712.175840
2026-02-21,SMAG7.SSI,905.542002,268.783037
2026-02-21,SOL,1.049961,0.000000
2026-02-21,SOSO,301231.751760,0.000000
2026-02-21,SUI,0.000000,8.800000
2026-02-21,TON,22.480000,27.478497
2026-02-21,USDC,352551.644780,197495.522768
2026-02-21,XAUT,0.004000,0.000000
2026-02-22,ARB,3362.749419,0.000000
2026-02-22,BNB,0.630917,0.134946
2026-02-22,BTC,0.000299,0.000000
2026-02-22,ETH,2.622151,1.787774
2026-02-22,HYPE,0.000000,0.121761
2026-02-22,MAG7.SSI,375574.550341,107970.613762
2026-02-22,SMAG7.SSI,1362.012600,92.791401
2026-02-22,SOL,6.931927,5.130184
2026-02-22,SOSO,1335.379880,0.000000
2026-02-22,SUI,34.111944,24.593850
2026-02-22,TON,11.719129,48.635047
2026-02-22,USDC,212260.290850,291841.710867
2026-02-22,XAUT,0.000000,0.004000
2026-02-23,ADA,129.269800,0.000000
2026-02-23,BNB,0.406335,0.255130
2026-02-23,BTC,0.001027,0.000000
2026-02-23,DOGE,762.585925,472.851308
2026-02-23,ETH,1.397905,0.702250
2026-02-23,HYPE,0.000000,0.100000
2026-02-23,MAG7.SSI,32562.711203,19946.178656
2026-02-23,SMAG7.SSI,25128.292631,1480.930401
2026-02-23,SOL,2.972636,2.433390
2026-02-23,SOSO,254.729584,0.000000
2026-02-23,SUI,2.940000,71.199520
2026-02-23,TON,7.477248,20.000000
2026-02-23,USDC,248959.879047,149254.023388
2026-02-23,XRP,0.000000,17.000000
2026-02-24,ARB,85.132007,0.000000
2026-02-24,BASE_DEFISSI,20.000000,0.000000
2026-02-24,BASE_MEMESSI,20.000000,0.000000
2026-02-24,BNB,0.817069,0.393175
2026-02-24,BTC,0.000254,0.000000
2026-02-24,DOGE,457.526145,0.000000
2026-02-24,ETH,0.693144,0.365962
2026-02-24,HYPE,0.000000,0.140000
2026-02-24,MAG7.SSI,20454.658373,18595.811078
2026-02-24,SMAG7.SSI,510.533825,393.170675
2026-02-24,SOL,2.455993,2.552782
2026-02-24,SOSO,459.988057,0.000000
2026-02-24,SUI,6.568935,0.000000
2026-02-24,TON,110.867100,0.000000
2026-02-24,USDC,190994.788682,145358.385706
2026-02-24,USSI,5.000000,0.000000
2026-02-24,XRP,0.000000,13.689275
2026-02-25,BNB,1.447488,1.327707
2026-02-25,BTC,0.003302,0.002788
2026-02-25,ETH,2.430142,0.970375
2026-02-25,HYPE,0.429757,0.000000
2026-02-25,LTC,0.095909,0.000000
2026-02-25,MAG7.SSI,30715.430805,47982.508520
2026-02-25,SMAG7.SSI,10936.652770,319.612820
2026-02-25,SOL,11.953251,0.883696
2026-02-25,SOSO,201.668930,0.000000
2026-02-25,SUI,73.850000,15.396150
2026-02-25,TON,79.300600,78.864980
2026-02-25,USDC,128769.254770,370556.898005
2026-02-25,XLM,0.000000,30.992250
2026-02-25,XRP,130.899989,52.290650
2026-02-26,ARB,204.431932,0.000000
2026-02-26,AVAXC,57.750344,0.000000
2026-02-26,BNB,0.405482,0.470246
2026-02-26,BTC,0.000424,0.000000
2026-02-26,ETH,0.868132,0.194883
2026-02-26,MAG7.SSI,24679.868482,13667.932165
2026-02-26,SMAG7.SSI,215.569853,109.429599
2026-02-26,SOL,4.013481,9.464467
2026-02-26,SOSO,742.374700,0.000000
2026-02-26,SUI,0.000000,5.398380
2026-02-26,TON,68.924060,45.966206
2026-02-26,USDC,166592.506950,152516.069914
2026-02-26,XLM,224.031296,117.648500
2026-02-26,XRP,0.000000,38.588420
2026-02-27,ADA,54.844300,0.000000
2026-02-27,ARB,170.060000,170.060000
2026-02-27,BNB,2.248370,0.147349
2026-02-27,BTC,0.000224,0.000000
2026-02-27,DOGE,0.000000,103.968800
2026-02-27,ETH,0.970704,0.405565
2026-02-27,MAG7.SSI,29295.553300,41238.814446
2026-02-27,SMAG7.SSI,622.808364,418.158891
2026-02-27,SOL,18.312729,4.938745
2026-02-27,SOSO,999.628192,0.000000
2026-02-27,SUI,29.520430,18.394480
2026-02-27,TON,56.000000,0.000000
2026-02-27,USDC,2376314.720031,2450829.430230
2026-02-27,USDT,404.247462,0.000000
2026-02-28,BNB,0.562177,0.133953
2026-02-28,BTC,0.001916,0.001375
2026-02-28,ETH,0.692467,0.292143
2026-02-28,LTC,0.000000,0.853743
2026-02-28,MAG7.SSI,18676.825802,20229.460133
2026-02-28,SMAG7.SSI,790.916029,871.074140
2026-02-28,SOL,0.375656,14.235731
2026-02-28,SOSO,1611.509545,0.000000
2026-02-28,SUI,19.940000,0.000000
2026-02-28,TON,5.000000,0.000000
2026-02-28,USDC,495782.850028,266753.588510
2026-02-28,USDT,4091.189096,0.000000
2026-02-28,XRP,108.463110,0.000000
2026-03-01,BNB,0.386114,0.211227
2026-03-01,BTC,0.001084,0.000544
2026-03-01,DOGE,0.000000,16905.947200
2026-03-01,ETH,0.847324,1.636947
2026-03-01,HYPE,0.000000,2.179346
2026-03-01,MAG7.SSI,6769.291526,13967.964582
2026-03-01,SMAG7.SSI,10801.179905,520.292053
2026-03-01,SOL,2.814131,0.493904
2026-03-01,SOSO,1227.148147,0.000000
2026-03-01,SUI,52.530883,37.003956
2026-03-01,TON,21.840657,0.000000
2026-03-01,USDC,291616.574784,267136.751490
2026-03-01,USDT,100.250000,0.000000
2026-03-01,XRP,98.999982,0.000000
2026-03-02,BNB,0.000000,0.004216
2026-03-02,ETH,0.071328,0.059956
2026-03-02,HYPE,0.000000,0.229931
2026-03-02,MAG7.SSI,1252.000668,9863.734639
2026-03-02,SMAG7.SSI,229.436700,88.108207
2026-03-02,SOL,0.032405,0.000000
2026-03-02,SOSO,3.382362,0.000000
2026-03-02,SUI,9.430500,0.000000
2026-03-02,TON,3.000000,0.000000
2026-03-02,USDC,76623.451969,35183.678146
2026-03-02,USDT,0.000000,44.500000
2026-03-02,XLM,0.000000,125.000000
